ID,smiles
DB0001,O=C(O)CCCC[C@@H]1CCSS1
DB0002,CC[C@H](C)C(=O)O[C@H]1C[C@H](O)C=C2C=C[C@H](C)[C@H](CC[C@@H](O)C[C@@H](O)CC(=O)O)[C@H]21
DB0003,CN1CCC[C@H]1c1cccnc1
DB0004,CC1O[C@@]2(CS1)CN1CCC2CC1
DB0005,O=C(O[C@H]1C[C@H]2CC[C@@H](C1)[N+]21CCCC1)C(O)(c1ccccc1)c1ccccc1
DB0006,COc1ccnc(CS(=O)c2nc3ccc(OC(F)F)cc3[nH]2)c1OC
DB0007,Cc1cccc(Nc2ccncc2S(=O)(=O)NC(=O)NC(C)C)c1
DB0008,CN(C)CCCC1(c2ccc(F)cc2)OCc2cc(C#N)ccc21
DB0009,CN1CCC[C@@H]1Cc1c[nH]c2ccc(CCS(=O)(=O)c3ccccc3)cc12
DB0010,COc1c(N2C[C@@H]3CCCN[C@@H]3C2)c(F)cc2c(=O)c(C(=O)O)cn(C3CC3)c12
DB0011,CCC1=C(C)CN(C(=O)NCCc2ccc(S(=O)(=O)NC(=O)N[C@H]3CC[C@H](C)CC3)cc2)C1=O
DB0012,CC[C@H](C)C(=O)O[C@H]1C[C@@H](C)C=C2C=C[C@H](C)[C@H](CC[C@@H]3C[C@@H](O)CC(=O)O3)[C@H]21
DB0013,CN1[C@@H]2CC[C@H]1C[C@@H](OC(c1ccccc1)c1ccccc1)C2
DB0014,O=C1Cc2cc(CCN3CCN(c4nsc5ccccc45)CC3)c(Cl)cc2N1
DB0015,CCC(CO)NC(=O)[C@@H]1C=C2c3cccc4c3c(cn4C)C[C@H]2N(C)C1
DB0016,O=C(O)CCCc1ccc(N(CCCl)CCCl)cc1
DB0017,CCCCN1CCCCC1C(=O)Nc1c(C)cccc1C
DB0018,C[C@@H](O)[C@H]1C(=O)N2C(C(=O)O)=C(S[C@@H]3CN[C@H](C(=O)Nc4cccc(C(=O)O)c4)C3)[C@H](C)[C@H]12
DB0019,CN(C)CCc1c[nH]c2ccc(C[C@H]3COC(=O)N3)cc12
DB0020,COc1cc2ncnc(Nc3ccc(F)c(Cl)c3)c2cc1OCCCN1CCOCC1
DB0021,CC(C)[N+]1(C)[C@@H]2CC[C@H]1C[C@@H](OC(=O)C(CO)c1ccccc1)C2
DB0022,Cc1cc2c(s1)Nc1ccccc1N=C2N1CCN(C)CC1
DB0023,COc1ccc([C@@H]2Sc3ccccc3N(CCN(C)C)C(=O)[C@@H]2OC(C)=O)cc1
DB0024,COc1cc2nc(N(C)CCCNC(=O)C3CCCO3)nc(N)c2cc1OC
DB0025,CC[C@@H](CO)NC(=O)[C@@H]1C=C2c3cccc4[nH]cc(c34)C[C@H]2N(C)C1
DB0026,OC(CCN1CCCCC1)(c1ccccc1)C1CCCCC1
DB0027,Nc1c2c(nc3ccccc13)CCCC2
DB0028,CN1CCCN=C1COC(=O)C(O)(c1ccccc1)C1CCCCC1
DB0029,OC(CCN1CCCC1)(c1ccccc1)C1CCCCC1
DB0030,CC(=O)c1ccc(S(=O)(=O)NC(=O)NC2CCCCC2)cc1
DB0031,CN(C)CCCN1c2ccccc2Sc2ccccc21
DB0032,CN1[C@@H]2CC[C@H]1C[C@@H](OC(=O)[C@H](CO)c1ccccc1)C2
DB0033,CN1CCC(=C2c3ccccc3C=Cc3ccccc32)CC1
DB0034,Cc1c(OCC(F)(F)F)ccnc1CS(=O)c1nc2ccccc2[nH]1
DB0035,COc1cc2nc(N3CCN(C(=O)c4ccco4)CC3)nc(N)c2cc1OC
DB0036,CN(C)CCCN1c2ccccc2CCc2ccccc21
DB0037,O=C(c1ccccc1)c1ccc2n1CCC2C(=O)O
DB0038,CC(CNC1CCCCC1)OC(=O)c1ccccc1
DB0039,Brc1c(NC2=NCCN2)ccc2nccnc12
DB0040,NC(=O)C(c1ccccc1)(c1ccccc1)[C@@H]1CCN(CCc2ccc3c(c2)CCO3)C1
DB0041,C=CCN1CC[C@]23CCCC[C@H]2[C@H]1Cc1ccc(O)cc13
DB0042,CC[N+](CC)(CC)CCC(O)(c1ccccc1)C1CCCCC1
DB0043,CCCCOc1cc(C(=O)NCCN(CC)CC)c2ccccc2n1
DB0044,O=P1(N(CCCl)CCCl)NCCCO1
DB0045,O=C(O)c1cn(C2CC2)c2cc(N3CCNCC3)c(F)cc2c1=O
DB0046,CCOC(=O)[C@H](CCc1ccccc1)N[C@H]1CCc2ccccc2N(CC(=O)O)C1=O
DB0047,CCN1CC(CCN2CCOCC2)C(c2ccccc2)(c2ccccc2)C1=O
DB0048,CN1[C@@H]2CC[C@H]1C[C@@H](OC(=O)C(CO)c1ccccc1)C2
DB0049,COc1cc2nc(N3CCN(C(=O)C4COc5ccccc5O4)CC3)nc(N)c2cc1OC
DB0050,COc1cc(N)c(Cl)cc1C(=O)N[C@@H]1CCN(CCCOc2ccc(F)cc2)C[C@@H]1OC
DB0051,Cc1ccc(NC(=O)c2ccc(CN3CCN(C)CC3)cc2)cc1Nc1nccc(-c2cccnc2)n1
DB0052,O=C1Nc2ccc(Cl)cc2[C@@](C#CC2CC2)(C(F)(F)F)O1
DB0053,CCC(C)(C)C(=O)O[C@H]1C[C@@H](C)C=C2C=C[C@H](C)[C@H](CC[C@@H]3C[C@@H](O)CC(=O)O3)[C@H]21
DB0054,CC(C)OC(=O)CCC/C=C\C[C@@H]1[C@@H](CC[C@@H](O)CCc2ccccc2)[C@H](O)C[C@@H]1O
DB0055,O=c1n(CCCN2CCN(c3cccc(Cl)c3)CC2)nc2ccccn12
DB0056,CC(=O)CC(c1ccccc1)c1c(O)c2ccccc2oc1=O
DB0057,COc1c(C)c2c(c(O)c1C/C=C(\C)CCC(=O)OCCN1CCOCC1)C(=O)OC2
DB0058,CCOC(=O)[C@H](CCc1ccccc1)N[C@@H](C)C(=O)N1Cc2cc(OC)c(OC)cc2C[C@H]1C(=O)O
DB0059,Cc1ccc(N(CC2=NCCN2)c2cccc(O)c2)cc1
DB0060,O=C1OC2(c3ccc(O)cc3Oc3cc(O)ccc32)c2ccccc21
DB0061,NS(=O)(=O)c1cc(C(=O)O)c(NCc2ccco2)cc1Cl
DB0062,Clc1ccc2nsnc2c1NC1=NCCN1
DB0063,CC(C)Nc1cccnc1N1CCN(C(=O)c2cc3cc(NS(C)(=O)=O)ccc3[nH]2)CC1
DB0064,CN1CCc2cccc3c2[C@H]1Cc1ccc(O)c(O)c1-3
DB0065,Fc1ccc([C@@H]2CCNC[C@H]2COc2ccc3c(c2)OCO3)cc1
DB0066,CCCc1c2oc(C(=O)O)cc(=O)c2cc2c(=O)cc(C(=O)O)n(CC)c12
DB0067,CN1CCC(=C2c3ccccc3CCc3cccnc32)CC1
DB0068,c1ccc2[nH]c(-c3cscn3)nc2c1
DB0069,CC(C)[C@H]1CC[C@H](C(=O)N[C@H](Cc2ccccc2)C(=O)O)CC1
DB0070,Cc1nc2n(c(=O)c1CCN1CCC(c3noc4cc(F)ccc34)CC1)CCCC2
DB0071,NC1=NCC2c3ccccc3Cc3ccccc3N12
DB0072,O=C(O)c1cc(/N=N/c2ccc(S(=O)(=O)Nc3ccccn3)cc2)ccc1O
DB0073,OC(CCN1CCCCC1)(c1ccccc1)C1CC2C=CC1C2
DB0074,CCC(=O)N(c1ccccc1)C1CCN(CCc2ccccc2)CC1
DB0075,CN1CC(=O)N2[C@H](c3ccc4c(c3)OCO4)c3[nH]c4ccccc4c3C[C@@H]2C1=O
DB0076,COc1cc2c(cc1OC)C(=O)C(CC1CCN(Cc3ccccc3)CC1)C2
DB0077,CN1CC[C@]23CCCC[C@H]2[C@H]1Cc1ccc(O)cc13
DB0078,CCOC(=O)O[C@]1(C(=O)OCCl)CC[C@H]2[C@@H]3CCC4=CC(=O)C=C[C@]4(C)[C@H]3[C@@H](O)C[C@@]21C
DB0079,CCOC(=O)[C@H](CCc1ccccc1)N[C@@H](C)C(=O)N1Cc2ccccc2C[C@H]1C(=O)O
DB0080,O=C(N[C@H]1CCS[C@H]2CCC[C@@H](C(=O)O)N2C1=O)[C@@H](S)Cc1ccccc1
DB0081,CCNC(=O)CCC/C=C\C[C@@H]1[C@@H](/C=C/[C@@H](O)CCc2ccccc2)[C@H](O)C[C@@H]1O
DB0082,C=C[C@H]1CN2CC[C@H]1C[C@@H]2[C@@H](O)c1ccnc2ccc(OC)cc12
DB0083,CN(C)CCc1c[nH]c2ccc(CS(=O)(=O)N3CCCC3)cc12
DB0084,CN1CCCCC1CCN1c2ccccc2Sc2ccc(S(C)=O)cc21
DB0085,CNCCCC12CCC(c3ccccc31)c1ccccc12
DB0086,OC(CCN1CCCCC1)(c1ccccc1)C1CCCC1
DB0087,CNS(=O)(=O)CCc1ccc2[nH]cc(C3CCN(C)CC3)c2c1
DB0088,CN(C)CCc1c[nH]c2ccc(Cn3cncn3)cc12
DB0089,CN1CCCC(n2nc(Cc3ccc(Cl)cc3)c3ccccc3c2=O)CC1
DB0090,CCC(=O)NCC[C@@H]1CCc2ccc3c(c21)CCO3
DB0091,C[N+]1(C)CCC(OC(=O)C(O)(c2ccccc2)C2CCCC2)C1
DB0092,CCCCN1CCCC[C@H]1C(=O)Nc1c(C)cccc1C
DB0093,CCC(=O)O[C@]1(C(=O)CCl)[C@@H](C)C[C@H]2[C@@H]3CCC4=CC(=O)C=C[C@]4(C)[C@@]3(F)[C@@H](O)C[C@@]21C
DB0094,COc1ccc(Cl)cc1C(=O)NCCc1ccc(S(=O)(=O)NC(=O)NC2CCCCC2)cc1
DB0095,CCC(=O)c1ccc2c(c1)N(CCCN1CCN(CCO)CC1)c1ccccc1S2
DB0096,COc1c(N2CCNC(C)C2)c(F)cc2c(=O)c(C(=O)O)cn(C3CC3)c12
DB0097,CCCCC(F)(F)[C@@]1(O)CC[C@H]2[C@@H](CC(=O)[C@@H]2CCCCCCC(=O)O)O1
DB0098,CC(=O)OCC(=O)[C@@]12OC(C)(C)O[C@@H]1C[C@H]1[C@@H]3C[C@H](F)C4=CC(=O)C=C[C@]4(C)[C@@]3(F)[C@@H](O)C[C@@]12C
DB0099,CC(=O)c1ccc2c(c1)N(CCCN1CCN(CCO)CC1)c1ccccc1S2
DB0100,Cc1cnc(C(=O)NCCc2ccc(S(=O)(=O)NC(=O)NC3CCCCC3)cc2)cn1
DB0101,CCOCCn1c(N2CCCN(C)CC2)nc2ccccc21
DB0102,CC#CCC(C)[C@H](O)/C=C/[C@@H]1[C@H]2C/C(=C/CCCC(=O)O)C[C@H]2C[C@H]1O
DB0103,CC(C)NCC1CCc2cc(CO)c([N+](=O)[O-])cc2N1
DB0104,C[C@@H]1CN([C@H]2CC[C@](C#N)(c3ccc(F)cc3)CC2)CC[C@]1(C(=O)O)c1ccccc1
DB0105,C[C@]12CC[C@H]3[C@@H](CC[C@@]45O[C@@H]4C(O)=C(C#N)C[C@]35C)[C@@H]1CC[C@@H]2O
DB0106,COc1ccc(Cc2nccc3cc(OC)c(OC)cc23)cc1OC
DB0107,O=C1N(Cc2ccccc2)C2C[S+]3CCCC3C2N1Cc1ccccc1
DB0108,Nc1ccc2cc3ccc(N)cc3nc2c1
DB0109,COCCCOc1ccnc(CS(=O)c2nc3ccccc3[nH]2)c1C
DB0110,CCOC(=O)O[C@]1(C(=O)COC(=O)CC)CC[C@H]2[C@@H]3CCC4=CC(=O)C=C[C@]4(C)[C@H]3[C@@H](O)C[C@@]21C
DB0111,CN1CCC(OC(c2ccccc2)c2ccccc2)CC1
DB0112,COc1cc2nc(N3CCN(C(=O)C4CCCO4)CC3)nc(N)c2cc1OC
DB0113,CN(C)CCC[C@@]1(c2ccc(F)cc2)OCc2cc(C#N)ccc21
DB0114,COc1cc([C@@H]2c3cc4c(cc3[C@H](O)[C@H]3COC(=O)[C@H]23)OCO4)cc(OC)c1OC
DB0115,O=P1(NCCCl)OCCCN1CCCl
DB0116,O=c1[nH]c2ccccc2n1CCCN1CCC(n2c(=O)[nH]c3cc(Cl)ccc32)CC1
DB0117,CCCN1C[C@H](CSC)C[C@@H]2c3cccc4[nH]cc(c34)C[C@H]21
DB0118,CCCC1O[C@@H]2C[C@H]3[C@@H]4CCC5=CC(=O)C=C[C@]5(C)[C@H]4[C@@H](O)C[C@]3(C)[C@]2(C(=O)CO)O1
DB0119,COc1ccc(C(=O)Nc2ccccc2CCC2CCCCN2C)cc1
DB0120,OC(CCCN1CCCCC1)(c1ccccc1)c1ccccc1
DB0121,CN(C)CCCN1c2ccccc2CCc2ccc(Cl)cc21
DB0122,Oc1c(Cl)cc(Cl)c2cccnc12
DB0123,O=C(O)[C@H](CC(=O)N1C[C@H]2CCCC[C@H]2C1)Cc1ccccc1
DB0124,C[C@@H](CO)NC(=O)[C@@H]1C=C2c3cccc4[nH]cc(c34)C[C@H]2N(C)C1
DB0125,Cc1nc(Nc2ncc(C(=O)Nc3c(C)cccc3Cl)s2)cc(N2CCN(CCO)CC2)n1
DB0126,Cc1nc2n(c(=O)c1CCN1CCC(c3noc4cc(F)ccc34)CC1)CCCC2O
DB0127,c1cnc2cc3c(cc2n1)C1CNCC3C1
DB0128,Cc1cc(C(=O)NCCc2ccc(S(=O)(=O)NC(=O)NN3CCCCCC3)cc2)no1
DB0129,CCCCc1nc(CCCC)n(Cc2ccc(-c3ccccc3-c3nn[nH]n3)nc2)n1
DB0130,CCOC(=O)[C@H](CCc1ccccc1)N[C@@H](C)C(=O)N1CC2(C[C@H]1C(=O)O)SCCS2
DB0131,COC(=O)[C@@H]1[C@H]2C[C@H]3c4[nH]c5ccccc5c4CCN3C[C@@H]2CC[C@@H]1O
DB0132,COc1cc2c(c(OC)c1OC)-c1ccc(OC)c(=O)cc1[C@@H](NC(C)=O)CC2
DB0133,C#C[C@]1(O)CC[C@H]2[C@@H]3CCC4=Cc5oncc5C[C@]4(C)[C@H]3CC[C@@]21C
DB0134,C[N+]1(C)[C@@H]2C[C@@H](OC(=O)C(O)(c3cccs3)c3cccs3)C[C@H]1[C@@H]1O[C@@H]12
DB0135,CC(=O)CC(c1ccc([N+](=O)[O-])cc1)c1c(O)c2ccccc2oc1=O
DB0136,C=CCN1CCCC1CNC(=O)c1cc2n[nH]nc2cc1OC
DB0137,CCN(CC)CCCN(c1ccccc1)C1Cc2ccccc2C1
DB0138,CCC(=O)N(c1ccccc1)C1CCN(CCc2cccs2)CC1C
DB0139,CCN(CC)CCc1c[nH]c2ccccc12
DB0140,CCNC1C2CCC(C2)C1c1ccccc1
DB0141,CCOC(=O)C1(c2ccccc2)CCN(CCOCC2CCCO2)CC1
DB0142,CCC[C@@](C)(O)[C@H]1C[C@@]23C=C[C@]1(OC)[C@@H]1Oc4c(OC(C)=O)ccc5c4[C@@]12CCN(C)[C@@H]3C5
DB0143,CCC(=O)N(c1ccccc1)C1CCN(C(C)Cc2cccs2)CC1
DB0144,CCCC(C)(O)C1C[C@@]23C=CC1(OC)C1Oc4c(O)ccc5c4[C@@]12CCN(C)[C@@H]3C5
DB0145,C[C@]12Cc3nonc3C[C@@H]1CC[C@@H]1[C@@H]2CC[C@@]2(C)[C@H]1CC[C@]2(C)O
DB0146,CCN(CC)CCn1c(Cc2ccc(Cl)cc2)nc2cc([N+](=O)[O-])ccc21
DB0147,C[C@H](CN1CCOCC1)C(C(=O)N1CCCC1)(c1ccccc1)c1ccccc1
DB0148,CN1CC[C@]23c4c5ccc(O)c4O[C@H]2CCC[C@H]3[C@H]1C5
DB0149,CC(=O)N(c1ccccc1)C1CCN(C(C)Cc2ccccc2)CC1
DB0150,CN1CC[C@]23c4c5ccc(O)c4O[C@H]2[C@@H](O)CC[C@H]3[C@H]1C5
DB0151,CCC(=O)N(c1ccccc1)C1CCN(CCc2ccccc2)CC1C
DB0152,C[C@H](CCC(=O)O)[C@H]1CC[C@H]2[C@@H]3[C@@H](O)C[C@@H]4C[C@H](O)CC[C@]4(C)[C@H]3CC[C@]12C
DB0153,O=C(O[C@H]1CN2CCC1CC2)N1CCc2ccccc2[C@@H]1c1ccccc1
DB0154,N#Cc1ccc2c(c1)N(CCCN1CCC(O)CC1)c1ccccc1S2
DB0155,CC(=O)c1ccc2c(c1)N(CCCN(C)C)c1ccccc1S2
DB0156,CCc1c(C)[nH]c2c1C(=O)C(CN1CCOCC1)CC2
DB0157,CN(C)S(=O)(=O)c1ccc2c(c1)N(CCCN1CCC(CCO)CC1)c1ccccc1S2
DB0158,CN1CCN(CCCN2c3ccccc3Sc3ccc(S(=O)(=O)N(C)C)cc32)CC1
DB0159,NC(CC1C/C(=N\C2CC2c2ccccc2)C(O)=CC1=O)C(=O)O
DB0160,C[C@H](O)[C@H](N)c1nc(Cc2c[nH]c3cccc(F)c23)c(O)n1CC(=O)O
DB0161,N#Cc1cc(-c2n[nH]c(-c3ccncc3)n2)ccn1
DB0162,CN(Cc1cn(C)c2ccccc12)C(=O)/C=C/c1cnc2c(c1)CCC(=O)N2
DB0163,CCOC(=O)[C@H](Cc1ccccc1)NC(=O)[C@@H]1CSCCN1S(=O)(=O)c1ccc(C)cc1
DB0164,NC(=[NH2+])c1cc2cc(-c3cccc(OC4CCCC4)c3[O-])[nH]c2cc1Cl
DB0165,COc1ccc(C(=O)Nc2c(Cl)cncc2Cl)cc1OC1CCCC1
DB0166,O=C(C1CCN(c2ccncc2)CC1)N1CCN(S(=O)(=O)c2ccc3cc(Cl)ccc3c2)CC1
DB0167,CCCC[C@H](NC(=O)OCC1(Cc2ccc(F)cc2)CCC1)C(=O)C(=O)Nc1ccn[nH]1
DB0168,CC(C)c1cnn2c(Nc3ccc(S(=O)(=O)N(C)C)cc3)cc(N[C@H]3CC[C@H](N)CC3)nc12
DB0169,O=C(N[C@@H]1CNCCC[C@H]1OC(=O)c1ccc(C(=O)c2ccccc2O)cc1)c1ccc(O)cc1
DB0170,CCC(C)(C)C(=O)C(=O)N1CCC[C@H]1C(=O)OCCCc1cccnc1
DB0171,c1ccc2c(CCc3ccncc3)c[nH]c2c1
DB0172,COc1ccc(C2CNC(=O)C2)cc1OC1CCCC1
DB0173,CC(C)S(=O)(=O)NCCCn1c2c(c3ccccc31)C(=O)CN1CCCC[C@@H]21
DB0174,CC(C)C[C@H](NC(=O)c1ccco1)C(=O)N[C@@H](Cc1c[nH]c2ccccc12)P(=O)(O)O
DB0175,N=C(N)c1ccc(C[C@@H]2CCCC[C@@H](Cc3ccc(C(=N)N)cc3)C2=O)cc1
DB0176,Cc1nc(C)c(-c2ccnc(N)n2)s1
DB0177,C[C@H](CCC(=O)NCC(=O)O)[C@H]1CC[C@H]2[C@@H]3[C@H](O)C[C@@H]4C[C@H](O)CC[C@]4(C)[C@H]3CC[C@]12C
DB0178,O=C(N[C@@H](Cc1ccccc1)C(=O)N[C@@H](CCc1ccccc1)C(=O)CO)OCc1cccnc1
DB0179,O=C(O)Cn1c(=O)n(Cc2ccc(Br)cc2F)c(=O)c2ccc(Cl)cc21
DB0180,COC(=O)[C@@]1(O)C[C@H]2O[C@]1(C)n1c3ccccc3c3c4c(c5c6ccccc6n2c5c31)C(=O)NC4
DB0181,O=C(O)[C@@H](Cc1ccc2c(c1)OCO2)[C@H](Cc1ccc2c(c1)OCO2)C(=O)O
DB0182,CCOc1ccccc1Sc1ccc(-c2ccnc(N3CCN(C(C)=O)CC3)c2)cc1[N+](=O)[O-]
DB0183,O=C1CN2CCCC[C@H]2c2[nH]c3ccccc3c21
DB0184,NS(=O)(=O)c1ccc(Nc2nccc(-c3cnc4ccccn34)n2)cc1
DB0185,O=S(=O)(O)CCCNC1CCCCC1
DB0186,COc1ccc(OC)c(CN(C)c2ccc3nc(N)nc(N)c3c2)c1
DB0187,O=C(O)CCCc1cccs1
DB0188,O=C(O)[C@@H](Cc1ccccc1)[C@H](Cc1ccc2c(c1)OCO2)C(=O)O
DB0189,CCNC(=S)Nc1ccc(-c2c3ccc(=O)cc-3oc3cc(O)ccc23)c(C(=O)O)c1
DB0190,CC(C)C1=NCCc2ccc(NC(=O)c3ccc4cc(C(=N)N)ccc4c3)cc21
DB0191,CC(C)(N)c1ccc(-c2nc(Nc3ccc(CCN4CCOCC4)cc3)ncc2Cl)cc1
DB0192,NC(=[NH2+])c1ccc2[nH]c(-c3cccc(OC4CCCC4)c3[O-])nc2c1
DB0193,N[C@H]1N[C@@H](N)[C@@H]2C[C@@H](CN3CC[C@H]4CCCC[C@@H]43)CC[C@@H]2N1
DB0194,Cc1ccnc2c1ccc1c(C)ccnc12
DB0195,O=C(N[C@@H]1CNCCC[C@H]1OC(=O)c1ccc(O)cc1)c1ccc(O)cc1
DB0196,NC(N)=Nc1nc(-c2ccc(CNc3nc4ccccc4[nH]3)s2)cs1
DB0197,CN[C@@H](C)C(=O)N[C@H](C(=O)N1CCC[C@H]1C(=O)N[C@@H]1CCCc2ccccc21)C(C)(C)C
DB0198,C[C@H](CCC(=O)O)[C@H]1CC[C@H]2[C@@H]3[C@H](O)C[C@@H]4C[C@H](O)CC[C@]4(C)[C@H]3C[C@H](O)[C@]12C
DB0199,COc1ccc(/C(C)=N/OC(N)=O)cc1OC1CCCC1
DB0200,O=C(NCC(=O)N1[C@@H](c2ccccc2)CC[C@H]1C(=O)O)[C@@H](S)Cc1ccccc1
DB0201,CC(C)[C@@H]1NCCc2ccc(NC(=O)c3ccc4cc(C(=N)N)ccc4c3)cc21
DB0202,CCN(CC)c1ccc2cc(C(=O)N/C=C\N3C(=O)CCC3=O)c(=O)oc2c1
DB0203,CN(C)CCCNC(=O)c1cccc2c(N)c3ccccc3nc12
DB0204,Cc1nc(C)c(-c2ccnc(Nc3ccc(C(F)(F)F)cc3)n2)s1
DB0205,COc1ccc2c(c1)CN(C(=O)CCN1CCC(Cc3ccccc3)CC1)CCS2
DB0206,c1ccc2[nH]cnc2c1
DB0207,CS(=O)(=O)c1ccc(Nc2cc(Cl)nc3ccnn23)cc1
DB0208,N=C(N)c1ccc2nc(-c3ncccc3O)[nH]c2c1
DB0209,Nc1nccc(-c2cc(Cl)sc2Cl)n1
DB0210,C1CCN(C2CCNCC2)CC1
DB0211,Cc1c(C(=O)c2nccn2C)oc2cccc(OCCCNCc3cccnc3)c12
DB0212,N=C(N)c1ccc2cc(C(=O)Nc3ccc(CN)cc3)cc(Nc3ncccn3)c2c1
DB0213,Cc1ccc(NNC(=O)[C@@H](O)[C@H](N)CC2CCCCC2)cc1
DB0214,O=Cc1ccccc1O[P@@](=O)(O)OCC1CCCCC1
DB0215,NC(=[NH2+])c1ccc2[nH]c(-c3cccc(OC4CCCC4)c3[O-])cc2c1
DB0216,Nc1nc2[nH]n(-c3cccc(C(=O)NCc4ccccc4Sc4ccccc4CO)c3)nc-2c(=O)n1
DB0217,NC(N)=NCCC[C@H](NC(=O)C1CCCC1)C(=O)c1nc2ccccc2s1
DB0218,O=C(NC[C@@H](O)N(CCO)C1CCCC1)c1cc2cc(Cl)ccc2[nH]1
DB0219,O=S(=O)(O)CCNC1CCCCC1
DB0220,O=C(CCN1CCN(c2cccc(C(F)(F)F)c2)CC1)c1cc(O)c(O)c([N+](=O)[O-])c1
DB0221,CC1=C(CCOP(=O)(O)OP(=O)(O)O)S[C@@]2([C@H](C)O)Nc3nc(C)ncc3CN12
DB0222,[H]/N=C(/C)N1CCC(Oc2ccc3nc(C)n(Cc4ccc5ccc(C(N)=[NH2+])cc5c4)c3c2)CC1
DB0223,O=C(N[C@@H](Cc1ccc(F)cc1)C(=O)N1CCC(O)CC1)c1cc2cc(Cl)ccc2[nH]1
DB0224,[H]/N=C(\N)N1CCC[C@H](CC(=O)N[C@@H](Cc2ccc(C#Cc3ccccc3)cc2)C(=O)OC)C1
DB0225,c1ccc2c(c1)Cc1c-2n[nH]c1-c1ccncc1
DB0226,O=C1c2cc3sc(-c4cccc([N+](=O)[O-])c4)cc3n2C(=S)N1CCCN1CCOCC1
DB0227,O=C(CCCC[C@@H]1SC[C@@H]2NC(=O)N[C@@H]21)Nc1ccc([N+](=O)[O-])cc1
DB0228,C[C@H]1CCCC[C@@H]1Oc1cccc(-c2nc3cc(C(=N)N)c(F)cc3[nH]2)c1O
DB0229,CCCCC1C(=O)N(c2ccccc2)N(c2ccc(O)cc2)C1=O
DB0230,COc1ccc([C@H]2CNC(=O)C2)cc1OC1CCCC1
DB0231,C[C@H](CCC(=O)O)[C@H]1CC[C@H]2[C@@H]3CC[C@@H]4C[C@H](O)CC[C@]4(C)[C@H]3C[C@H](O)[C@]12C
DB0232,Oc1ccc(-c2cnc3ccc4ccncc4c3c2)cc1
DB0233,CCCCCCCCCCNC(=O)NC1CCCCC1
DB0234,NCCNS(=O)(=O)c1ccc(Cl)c2ccncc12
DB0235,O=C(N[C@@H](Cc1ccccc1)C(=O)N1CC(C(=O)O)C1)c1cc2cc(Cl)ccc2[nH]1
DB0236,NC(N)=Nc1ccc(CNC(=O)NC23CC4CC(CC(C4)C2)C3)cc1
DB0237,CC[C@H](C)C(=O)O[C@H]1C[C@@H](C)C=C2C=C[C@H](C)[C@H](CC[C@@H](O)C[C@@H](O)CC(=O)O)[C@H]21
DB0238,COc1ccc([C@]2(C#N)CC[C@@H](C(=O)O)CC2)cc1OC1CCCC1
DB0239,O=C(O)CCCn1c2ccccc2c2ccccc21
DB0240,Cc1ccc(NC(=O)c2cccnc2)cc1Nc1nccc(-c2cccnc2)n1
DB0241,CNC(=O)[C@H](Cc1ccccc1)NC(=O)[C@H](CC(C)C)[C@H](CSc1cccs1)C(=O)NO
DB0242,CN(C)C1=CCC2=C(c3ccc(N4C(=O)C=CC4=O)cc3C(=O)O)c3ccc(N(C)C)cc3OC2=C1
DB0243,Cc1ccc(Nc2nccc(-c3ccnc(N4CCN(CCN)CC4)c3)n2)cc1Cl
DB0244,c1ccc(-c2n[nH]cc2-c2ccnc3ccccc23)nc1
DB0245,COc1ccc(C(=O)N2CCCc3cc(C4=NNC(=O)S[C@@H]4C)ccc32)cc1OC
DB0246,O=C1N2C=C(c3ccc(O)cc3)N[C@@H](CC3CCCC3)C2=N[C@@]1(Cc1ccc(O)cc1)OO
DB0247,O=C(O)C1=CN=C(C(=O)O)CS[C@H]1c1cn2c3c(sc2n1)CCC3
DB0248,Nc1nccc(-c2c(-c3ccc(F)cc3)ncn2CC2CC2)n1
DB0249,O=C[C@H](CSCc1ccccc1)NC(=O)[C@H](Cc1ccccc1)NC(=O)N1CCOCC1
DB0250,CN1CCN(c2ccc3nc(-c4ccc5[nH]c(-c6ccc(N(C)C)cc6)nc5c4)[nH]c3c2)CC1
DB0251,O=C(O)CCCCc1ccccc1
DB0252,CCC1=C[C@@H]2Cc3nc4cc(Cl)ccc4c(N)c3[C@H](C1)C2
DB0253,COc1ccc([C@@H]2CNC(=O)C2)cc1OC1CCCC1
DB0254,COc1cc(C[C@H]2COC(=O)[C@@H]2Cc2ccc(O)c(OC)c2)ccc1O
DB0255,O=C(NCCCc1ccccc1)NC1CCCCC1
DB0256,CC[C@@H](C)c1ccc2cc3c(c(O)c2c1O)C(=O)C[C@H]([C@H](OC)C(=O)[C@@H](O)[C@@H](C)O)C3
DB0257,CCCCn1c(Cc2ccc3c(c2)OCO3)nc2c(N)nc(F)nc21
DB0258,NCCCCc1ccccc1
DB0259,Nc1nccc(-c2c(-c3ccc(F)cc3)ncn2C2CCNCC2)n1
DB0260,CNc1nc(C)c(-c2ccnc(Nc3ccc(O)cc3)n2)s1
DB0261,Cc1cccc(C2=C(c3ccc4ncccc4n3)CNN2)n1
DB0262,N[C@@H](CSCC(=O)Nc1cc2cccnc2c2ncccc12)C(=O)O
DB0263,Cc1nc(C)c(-c2ccnc(Nc3cccc(O)c3)n2)s1
DB0264,c1ccc2[nH]ccc2c1
DB0265,O=C(O)c1cccnc1Nc1cccc(C(F)(F)F)c1
DB0266,N=C(N)c1ccc2[nH]c(-c3cc(CC(=O)[O-])cc(Br)c3O)cc2c1
DB0267,FC(F)(CNc1nccc2oc(Cc3ccccc3-n3cncn3)nc12)[C@H]1CCCCN1
DB0268,Brc1cccc(-c2cc(NCc3ccncc3)[n+]3[nH]cnc3n2)c1
DB0269,O=C1[C@@H]2[C@H]3CC[C@H](CC3)[C@@H]2C(=O)N1c1ccc([N+](=O)[O-])c2ccccc12
DB0270,CN(C)c1nc2c(Br)c(Br)c(Br)c(Br)c2[nH]1
DB0271,CN1CCn2c1nc1c(Br)c(Br)c(Br)c(Br)c12
DB0272,CN1CCN(Cc2ccc(C(=O)Nc3cccc(Nc4nccc(-c5cccnc5)n4)c3)cc2)CC1
DB0273,O=C(NCc1cccnc1)c1cc(C(=O)NCc2cccnc2)ncn1
DB0274,NCc1cccc(C2CCN(C(=O)c3cncc(CCc4ccccc4)c3)CC2)c1
DB0275,C[C@H](CC#CC(C)(C)O)[C@H]1CC[C@@H]2/C(=C/C=C3C[C@@H](O)C[C@H](O)C3)CCC[C@@]21C
DB0276,Oc1c(I)cc(Cl)c2cccnc12
DB0277,CN1CCC(N(Cc2cccs2)c2ccccc2)CC1
DB0278,O=C(O)CCCCCCNC1c2ccccc2CCc2ccccc21
DB0279,C[N+]1(C)CCCC(OC(=O)C(O)(c2ccccc2)c2ccccc2)C1
DB0280,OC(CNCC(O)C1CCc2cc(F)ccc2O1)C1CCc2cc(F)ccc2O1
DB0281,COc1cc(NC(=O)Nc2cccc(CNC(=O)O[C@H]3CCOC3)c2)ccc1-c1cnco1
DB0282,O=C(C[C@H]1NCCC[C@@H]1O)Cn1cnc2cc(Br)c(Cl)cc2c1=O
DB0283,CCCCN1CCC(CNC(=O)c2c3n(c4ccccc24)CCCO3)CC1
DB0284,O=C(O)CCCN1CCC(OC(c2ccc(Cl)cc2)c2ccccn2)CC1
DB0285,CCN(CC)CCCCCCNc1cc(OC)cc2c(C)ccnc12
DB0286,COc1c(C(=O)NC2CCN3CCCC2C3)ccc(N)c1Cl
DB0287,CCc1cc2c(cc1CC)CC(NC[C@H](O)c1ccc(O)c3[nH]c(=O)ccc13)C2
DB0288,CC1(C)SCCN(S(=O)(=O)c2ccc(Oc3ccncc3)cc2)[C@H]1C(=O)NO
DB0289,CN(C(=O)C(c1ccccc1)c1ccccc1)[C@H](CN1CC[C@H](O)C1)c1ccccc1
DB0290,CN1[C@@H](CC(=O)c2ccccc2)CCC[C@H]1C[C@H](O)c1ccccc1
DB0291,OC(=NC1CC1)Nc1c[nH]nc1-c1nc2cc(CN3CCOCC3)ccc2[nH]1
DB0292,C#C[C@]1(O)CC[C@H]2[C@@H]3[C@@H](O)C=C4C[C@@H](O)CC[C@]4(C)[C@H]3CC[C@@]21C
DB0293,C[C@@H]1CC[C@H]([C@@H](O)C(F)(F)F)N1c1ccc2[nH]c(=O)cc(C(F)(F)F)c2c1
DB0294,CC(C)(CC1Cc2ccccc2C1)NC[C@@H](O)COc1cc(CCC(=O)O)cc(F)c1F
DB0295,Cc1c(OCC(F)(F)F)ccnc1C[S@@](=O)c1nc2ccccc2[nH]1
DB0296,CC(=O)c1cc(C)cc(C)c1NC(=O)c1sccc1S(=O)(=O)Nc1onc(C)c1C
DB0297,COc1cccc2c1CCC(=O)N2CCCN1CCN(c2cccc(Cl)c2)CC1
DB0298,C=CC(=O)Nc1cc2c(Nc3ccc(F)c(Cl)c3)ncnc2cc1OCCCN1CCOCC1
DB0299,CCOC(=O)[C@@]1(OC(=O)C(Cl)Cl)CC[C@H]2[C@@H]3CCC4=CC(=O)C=C[C@]4(C)[C@H]3[C@@H](O)C[C@@]21C
DB0300,c1cncc(C2=NC(CN3CCCCC3)CON2)c1
DB0301,CCC(C)SSc1ncc[nH]1
DB0302,CCC(=O)Nc1c(C)cc(C(=O)N2CCC(N(C)CCc3ccccc3)CC2)cc1C.Cl.O
DB0303,NCCCCN(Cc1nc2ccccc2[nH]1)[C@H]1CCCc2cccnc21
DB0304,CC[C@H](C)CC(F)(F)[C@@]1(O)CC[C@H]2[C@@H](CC(=O)[C@@H]2CCCCCCC(=O)O)O1
DB0305,CC(=O)Nc1cccc(N2CCN(CCCCNS(=O)(=O)CC3CCCCC3)CC2)c1
DB0306,CC1(C)CNc2cc(NC(=O)c3cccnc3NCc3ccncc3)ccc21
DB0307,CC(C)n1c(=O)c(C(=O)NCCCN2CCCCC2)c(O)c2ccsc21
DB0308,O[C@H](c1cc(C(F)(F)F)nc2c(C(F)(F)F)cccc12)[C@@H]1CCCCN1
DB0309,Cc1oc(=O)oc1COC(=O)C1=C([C@H]2CCCO2)S[C@@H]2[C@@H]([C@@H](C)O)C(=O)N12
DB0310,CN1CCC(N2CCN(C(=O)[C@H](NC(=O)c3ccc4cc[nH]c4c3)c3ccccc3)CC2)CC1
DB0311,CN(C)Cc1nc(-c2ncn3c2CN(C)C(=O)c2c(Cl)cccc2-3)no1
DB0312,Cc1cc2nc3c4cc(Cl)ccc4n(CC(=O)NCCN(C)C)c3nc2cc1C
DB0313,COC[C@@H]1[C@@H](c2ccc(Cl)c(Cl)c2)C[C@@H]2CC[C@H]1N2C
DB0314,CO[C@@H]1[C@H](OC(=O)N[C@@H](C(N)=O)C(C)C)CC[C@]2(CO2)[C@H]1[C@@]1(C)O[C@@H]1CC=C(C)C
DB0315,CC(=O)N1CCN(CCN2[C@@H]3CC[C@H]2C[C@@H](NC(=O)c2nn(C(C)C)c4ccccc24)C3)CC1
DB0316,CCCn1c(=O)c2[nH]c(-c3cnn(Cc4cccc(C(F)(F)F)c4)c3)nc2n(CC)c1=O
DB0317,OC1CN(CCCOCCc2ccc3sccc3c2)C1
DB0318,CC(C)(C)c1cnc(CSc2cnc(NC(=O)C3CCNCC3)s2)o1
DB0319,O=C(Nc1cnccn1)[C@H](CC1CCOCC1)c1ccc(S(=O)(=O)C2CC2)cc1
DB0320,CN(C)C(=O)N[C@H]1CC[C@H](CCN2CCN(c3cccc(Cl)c3Cl)CC2)CC1
DB0321,Cl.c1cncc(N2CCC3(CCCN3)C2)c1
DB0322,CN1CCN2c3c(cccc31)[C@@H]1CN(CCCC(=O)c3ccc(F)cc3)CC[C@@H]12
DB0323,O=C(N[C@@H]1C2CCN(CC2)[C@H]1Cc1cccnc1)c1cc2ccccc2o1
DB0324,O=C1NCCN1CCN1CCC(c2cn(-c3ccc(F)cc3)c3ccc(Cl)cc23)CC1
DB0325,CN1CCN2c3ccccc3Cc3ccccc3C2C1
DB0326,CN1CCC(=C2c3ccccc3CCc3sccc32)CC1
DB0327,CCOC[C@@H]1[C@@H](c2ccc(Cl)c(Cl)c2)C[C@@H]2CC[C@H]1N2C
DB0328,C[C@H]1NCc2cc(-c3ccc4c(=O)c(C(=O)O)cn(C5CC5)c4c3OC(F)F)ccc21
DB0329,COc1ccc2c(c1OC)C(=O)O[C@@H]2[C@H]1c2c(cc3c(c2OC)OCO3)CCN1C
DB0330,C1CCC2(C1)C1CN(CC3CC3)CC2CN(CC2CC2)C1
DB0331,CC(=O)Oc1cc2c(s1)CCN(C(C(=O)C1CC1)c1ccccc1F)C2
DB0332,COc1ccc(CCO[C@@H]2CCCC[C@H]2N2CC[C@@H](O)C2)cc1OC
DB0333,O=C(NC[C@H]1CN(c2ccc(N3CCOCC3=O)cc2)C(=O)O1)c1ccc(Cl)s1
DB0334,Cc1nc2c(C)cccn2c(=O)c1CCN1CCC(c2noc3cc(F)ccc23)CC1
DB0335,CC(C)Nc1nc2cc(Cl)c(Cl)cc2n1[C@H]1O[C@@H](CO)[C@H](O)[C@@H]1O
DB0336,COc1ccc(CNc2nc(N3CCC[C@H]3CO)ncc2C(=O)NCc2ncccn2)cc1Cl
DB0337,O=C(c1ccc2nccnc2c1)N1CCCCC1
DB0338,Cc1cc2c(cc1CC(=O)c1sccc1S(=O)(=O)Nc1onc(C)c1Cl)OCO2
DB0339,C=C1/C(=C/C=C2\CCC[C@]3(C)[C@@H]([C@H](C)OCCC(C)(C)O)CC[C@@H]23)C[C@@H](O)C[C@@H]1O
DB0340,C[C@H]1CN(C[C@H](Cc2ccccc2)C(=O)NCC(=O)O)CC[C@@]1(C)c1cccc(O)c1
DB0341,CC(C)c1cc(C(=O)N2Cc3ccc(CN4CCN(C)CC4)cc3C2)c(O)cc1O
DB0342,Nc1cc(F)ccc1NC(=O)c1ccc(CNC(=O)/C=C/c2cccnc2)cc1
DB0343,Cc1cc(Nc2ncc(F)c(N[C@H]3[C@@H](C(N)=O)[C@@H]4C=C[C@H]3C4)n2)ccc1N1CCN(C)CC1
DB0344,CCCCCCCCCCCCCCCC(=O)Nc1ccn([C@@H]2O[C@H](CO)[C@@H](O)[C@@H]2C#N)c(=O)n1
DB0345,Fc1ccc(Cn2c(NC3CCNCC3)nc3ccccc32)cc1
DB0346,CCCC1C(=O)c2nc([C@H]3C[C@H]4C[C@@H]3[C@@H]3O[C@H]43)[nH]c2N(CCC)C1=O
DB0347,COCCCN1CCC(NC(=O)c2cc(Cl)c(N)c3c2OCC3)CC1
DB0348,c1cc(-c2nc3c4c(ncc3[nH]2)CCOC4)no1
DB0349,O=C1c2ccccc2S(=O)(=O)N1CCCCNC[C@H]1CCc2ccccc2O1
DB0350,Cc1nc2ccccn2c(=O)c1CCN1CCc2oc3ccccc3c2C1
DB0351,Cc1ccc(Nc2nccc(N(C)c3ccc4c(C)n(C)nc4c3)n2)cc1S(N)(=O)=O
DB0352,COc1c(N2C[C@@H](C)C[C@H](N)C2)ccc2c(=O)c(C(=O)O)cn(C3CC3)c12
DB0353,CC(=O)S[C@H](C(=O)N[C@H]1Cc2ccccc2[C@H]2CCC[C@@H](C(=O)O)N2C1=O)C(C)C
DB0354,N#Cc1ccc2[nH]cc(CCCCN3CCN(c4ccc5oc(C(N)=O)cc5c4)CC3)c2c1
DB0355,CC[C@H](C)C(=O)O[C@H]1CCC=C2C=C[C@H](C)[C@H](CC[C@@H]3C[C@@H](O)CC(=O)O3)[C@H]21
DB0356,C1CCN2C[C@@H]3C[C@@H](CN4CCCC[C@@H]34)[C@H]2C1
DB0357,c1ccc2c(c1)CCCC2C1=NCCN1
DB0358,Cn1c(CCCC(=O)O)nc2cc(N(CCCl)CCCl)ccc21
DB0359,N[C@@H]1CCCCN(c2c(F)cc3c(=O)c(C(=O)O)cn(C4CC4)c3c2Cl)C1
DB0360,C[C@H](CCC(=O)O)[C@H]1CC[C@H]2[C@@H]3[C@H](O)C[C@@H]4C[C@H](O)CC[C@]4(C)[C@H]3CC[C@]12C
DB0361,CC1(C)O[C@@H]2C[C@H]3[C@@H]4CCC5=CC(=O)CC[C@]5(C)[C@@]4(F)[C@@H](O)C[C@]3(C)[C@]2(C(=O)CCl)O1
DB0362,C[N+]1(C)CCN(CC(O)(c2ccccc2)C2CCCCC2)CC1
DB0363,CC(=O)c1ccc2c(c1)N(CCCN1CCC(CCO)CC1)c1ccccc1S2
DB0364,CC(Cc1ccc2c(c1)OCO2)NCC(O)c1ccc(O)c(O)c1
DB0365,O=C(O)CCCc1ccccc1
DB0366,CCCCCCCC(=O)CC[C@@H]1[C@@H](C/C=C\CCCC(=O)O)[C@@H](O)C[C@H]1O
DB0367,Cn1cc(-c2cc3cccnc3[nH]2)c2cc(C(=O)NC(C)(C)CO)ccc21
DB0368,CC(=O)Nc1nc(C)c(-c2ccc(Cl)c(S(=O)(=O)NCCO)c2)s1
DB0369,N=C(N)c1ccc(CNC(=O)[C@@H]2CCCN2C(=O)CNC2CCCCC2)cc1
DB0370,O=c1[nH]c2ccc(Cl)cc2c(N[C@@H]2CN3CCC2CC3)c1-c1nc2ccccc2[nH]1
DB0371,N=C(N)c1ccc(CNC(=O)[C@@H]2CCCN2C(=O)CNC2CCCCCC2)cc1
DB0372,C[C@H]1CCCC[C@@H]1Oc1cccc(-c2cc3cc(C(=N)N)c(F)cc3[nH]2)c1O
DB0373,N=C(N)c1ccc(CNC(=O)[C@@H]2CCCN2C(=O)CNC2CCCCCCC2)cc1
DB0374,C[C@]12CCc3c(ccc4cc(O)ccc34)[C@@H]1CC[C@@]2(C)O
DB0375,CN1CCN(c2ccc(-c3cnc4[nH]cc(NC(=O)c5cccnc5)c4c3)cc2)CC1
DB0376,C[C@H](NC(=O)OCc1ccccc1)C(=O)N1CCC[C@H]1C(=O)N[C@@H](Cc1ccccc1)[C@@H](C)O
DB0377,C[C@@H]1C[C@H]2CN1CCn1[nH]c3c(cccc3c1=O)-c1nc3c(cccc3[nH]c1=O)O2
DB0378,Clc1ccc(CCC2(Cn3ccnc3)OCCO2)cc1
DB0379,Cc1cc(N2CCC[C@@H]2C(=O)NCCc2ccc3c(c2)OCO3)nc(-n2ccnc2)n1
DB0380,N[C@H](Cc1ccccc1)C(=O)N1CCC[C@H]1C(=O)NCc1cccc(Cl)c1
DB0381,CC(C)CCC(=O)N1CCC[C@H]1C(=O)NCc1ccc(C(=N)N)cc1
DB0382,N=C(N)c1ccc(CNC(=O)[C@@H]2CCCN2C(=O)CCc2ccccc2)cc1
DB0383,c1ccc(Nc2nc(OCC3CCCCC3)c3[nH]cnc3n2)cc1
DB0384,NS(=O)(=O)Oc1ccc2c(c1)S(=O)(=O)C(CC1CCCCCC1)=C2
DB0385,CS(=O)(=O)c1ccc(CN2CCN(c3cn[nH]c3-c3cc(Cl)c(O)cc3O)CC2)cc1
DB0386,CCNC(=O)c1noc(-c2cc(Cl)c(O)cc2O)c1-c1ccc(CN2CCOCC2)cc1
DB0387,CCNC(=O)c1cc2c(-c3cc(OCCN4CCCC4)c(Cl)cc3Cl)nc(N)nc2s1
DB0388,O=C(Nc1cc([C@@H]2CCCN2)[nH]n1)Nc1cccc2c1[C@@H]1CCCN1C2=O
DB0389,O=C(O)c1ccccc1NC(=O)N1CCC(c2ccccc2C(F)(F)F)CC1
DB0390,CS(=O)(=O)c1ccc([C@H]2NOC([C@@H](CC3CC3)[C@H](N)C(=O)N3CC[C@H](F)C3)N2)c(F)c1
DB0391,CS(=O)(=O)c1ccc(-c2noc([C@@H](CC3CC3)[C@H](N)C(F)=C3CCCC3)n2)c(Cl)c1
DB0392,Nc1cc(Oc2ccc(NC(=O)NC(=O)Cc3ccc(F)cc3)cc2F)ccn1
DB0393,O=C(Cc1ccc(F)cc1)NC(=O)Nc1ccc(Oc2ccnc3[nH]ccc23)c(F)c1
DB0394,CCS(=O)(=O)Nc1ccc(F)c(C(=O)c2c[nH]c3ncc(-c4cccnc4)cc23)c1F
DB0395,COc1ccnc(NC2CCN(C(=O)c3ccc(C#N)cc3)CC2)c1
DB0396,O=C(Nc1cccc(-c2n[nH]c3ccc(-c4nc[nH]n4)cc23)c1)c1ccco1
DB0397,N[C@H]1Cn2c(nc3cnccc32)C[C@@H]1c1cc(F)c(F)cc1F
DB0398,N[C@H](Cc1ccccc1)C(=O)N1CCC[C@H]1C(=O)NCc1cccc(F)c1
DB0399,CCCC(CCC)C(=O)N[C@@H]1Cc2ccc(S(N)(=O)=O)cc2C1
DB0400,C[C@@H]1CN(c2ccc([N+](=O)[O-])cc2)CCN1S(=O)(=O)c1ccc(C(C)(C)C)cc1
DB0401,Cc1ccc2c(c1)c1c(n2C[C@@H](O)CNC2CCCCC2)CCCC1
DB0402,C[C@H](c1nc(-c2ccc(S(C)(=O)=O)cc2)no1)[C@H](N)C(=O)N1CCCC1
DB0403,N#Cc1ccc2c(-c3cc4cc(CN5CCC(CN)CC5)ccc4[nH]3)n[nH]c2c1
DB0404,C[C@@H]1c2nc(C(F)(F)F)nn2CCN1C(=O)C[C@H](N)Cc1cc(F)c(F)cc1F
DB0405,CCCNC(=O)[C@@H]1CCCN1C(=O)[C@H](N)C(c1ccccc1)c1ccccc1
DB0406,N=C(N)c1ccc(CNC(=O)[C@@H]2CCCN2C(=O)COC2CCCC2)cc1
DB0407,Cc1c(Cl)cccc1NC(=O)[C@H]1CC(=O)N(C2CCCCC2)C1
DB0408,N=C(N)c1ccc(CNC(=O)[C@@H]2CCCN2C(=O)COC2CCCCC2)cc1
DB0409,N=C(N)c1ccc(CNC(=O)[C@@H]2CCCN2C(=O)CCC2CCCC2)cc1
DB0410,Oc1ccc(-c2ccc3c(Cl)c(O)ccc3c2)cc1
DB0411,Cc1ccc(C(=O)N2CCC(Cc3ccccc3)CC2)cc1
DB0412,NS(=O)(=O)c1ccc(Nc2nc(OCC3CCCCC3)c3nc[nH]c3n2)cc1
DB0413,N=C(N)c1ccc(CNC(=O)[C@@H]2CCCN2C(=O)CCC2CCCCC2)cc1
DB0414,Cc1cccc(CNC(=O)[C@@H]2CCCN2C(=O)[C@H](N)Cc2ccccc2)c1
DB0415,C[C@H](C(=O)/N=C1\C=C(C2CC2)N=N1)c1ccc(N2CCNC2=O)cc1
DB0416,N[C@H](Cc1ccccc1)C(=O)N1CCC[C@H]1C(=O)NCc1ccccc1
DB0417,c1ccc(-c2oc3nccc(NCCN4CCNCC4)c3c2-c2ccccc2)cc1
DB0418,O=C(Nc1ccccc1)[C@H]1CC(=O)N(C2CCCCC2)C1
DB0419,c1cnn2ncc(-c3ccnc(NC4CC4)n3)c2c1
DB0420,O=C(CN1[C@H](Cl)CN=C(NCCc2ccccn2)[C@@H]1O)NCc1csc2ccc(Cl)cc12
DB0421,CC1CCN(c2ccc(CO)cc2NC(=O)c2ccc(C#N)o2)CC1
DB0422,CNc1cc(Nc2cc(C3CC3)[nH]n2)nc(Nc2ccc(CC#N)cc2)n1
DB0423,O=C1[C@@H](Cc2ccc(Cl)c(Cl)c2)SC(=S)N1NS(=O)(=O)c1cccs1
DB0424,CCOCn1c(SC2CCCCC2)c(C(C)C)c(=O)[nH]c1=O
DB0425,CN1CCN(c2ccc(C(=O)Nc3n[nH]c4cn(C(=O)Cc5cccs5)cc34)cc2)CC1
DB0426,N[C@H](CC1CCCCC1)C(=O)N1CCC[C@H]1C(=O)NCc1cccc(Cl)c1
DB0427,CS(=O)(=O)c1ccc2c(c1)nc1n2C[C@H](N)[C@@H](c2cc(F)c(F)cc2F)C1
DB0428,Cc1cc(C)cc(Nc2nccc(-c3nc(C)c(C(=O)N[C@@H](C)CO)s3)n2)c1
DB0429,N[C@H](COc1cncc2nc(-c3ccncc3)ccc12)Cc1c[nH]c2ccccc12
DB0430,C/C(=C\S(=O)(=O)N[C@H]1CCN([C@@H](C)C(=O)N2CCOCC2)C1=O)c1ccc(Cl)s1
DB0431,CCCNC(=O)[C@H]1O[C@@H]1C(=O)N[C@H](C(=O)N1CCC[C@H]1C(=O)OCc1ccccc1)[C@@H](C)CC
DB0432,CNC(=O)c1c(-c2ccc(F)cc2)oc2cc(N(CCO)S(C)(=O)=O)c(C3CC3)cc12
DB0433,CN1CCC2(CC1)NC(=O)c1c(c3ccc(Cl)c(Cl)c3n1C)[C@H]2C#N
DB0434,CN1[C@@H]2CC[C@H]1C[C@@H](OC(=O)c1c[nH]c3ncccc13)C2
DB0435,NC(=O)NCc1cccc(-c2cccc(-c3cc4cnccc4[nH]3)c2O)c1
DB0436,COc1cc(Nc2nccc(Nc3c(Cl)ccc4c3OCO4)n2)cc(OC)c1OC
DB0437,COc1ccc(Nc2ncnc(Nc3cc(OC)c(OC)c(OC)c3)n2)cc1Cl
DB0438,NS(=O)(=O)c1cccc(Nc2nccc(Nc3c(Cl)ccc4c3OCO4)n2)c1
DB0439,CS(=O)(=O)c1cccc(Nc2nccc(Nc3c(Cl)ccc4c3OCO4)n2)c1
DB0440,CS(=O)(=O)Nc1cccc(Nc2nccc(Nc3c(Cl)ccc4c3OCO4)n2)c1
DB0441,Clc1ccc2c(c1Nc1ccnc(Nc3cccc(N4CCOCC4)c3)n1)OCO2
DB0442,NC(=O)c1cccc(Nc2nccc(Nc3c(Cl)ccc4c3OCO4)n2)c1
DB0443,Nc1nccc2ccc(CN3CC[C@H](NS(=O)(=O)c4cc5ncccc5s4)C3=O)cc12
DB0444,NC(=O)c1ccccc1Nc1ccnc(Nc2cccc(O)c2)n1
DB0445,C[C@@H](C(=O)N1CCOCC1)N1CC[C@H](NS(=O)(=O)CCc2ccc(Cl)s2)C1=O
DB0446,CN(C)c1ccc(-c2c(N)ncnc2C#Cc2ccc(N3CCOCC3)nc2)cc1
DB0447,Nc1ncccc1NCc1cccc(-c2cccnc2)c1
DB0448,c1ccc2c(c1)[nH]c1ccccc12
DB0449,NC1=N[C@H](CCNC(=O)c2ccoc2)Nc2c(F)ccc(F)c21
DB0450,COC(=O)c1ccc(NC(=O)NC[C@H]2CC[C@@H](C(=O)N3CCC[C@H]3CN)N2)cc1
DB0451,O=C(O)CCCCN(Cc1ccc([N+](=O)[O-])cc1)CP(=O)(O)O
DB0452,CCCN1CCC(c2nc3cccc(C(N)=O)c3[nH]2)CC1
DB0453,N#Cc1ccc(Nc2nc(N)nc(Cc3c(Cl)ccc4[nH]ccc34)n2)cc1
DB0454,c1nc2c(NC3CCCCC3)nc(Nc3ccc(N4CCOCC4)cc3)nc2[nH]1
DB0455,O=C(Cn1ccnc1)[C@]12C[C@H]3C[C@H](C[C@H](C3)C1)C2
DB0456,Cn1ncc2ncnc(NCCc3cnc(NC(=O)Nc4cccc(C(F)(F)F)c4)s3)c21
DB0457,CCCCc1c(-c2ccc(O)cc2)[nH]c2nccnc12
DB0458,c1cc(Nc2cc(C3CC3)n[nH]2)nc(Nc2ccc3[nH]cnc3c2)n1
DB0459,O=C(NC(=O)c1cc(F)c(F)cc1Cl)Nc1cc(F)ccc1N1CCC(C(=O)O)CC1
DB0460,NC(=O)C[C@@H]1CCCc2sc3nc(C(=O)NCc4ccc5c(c4)NC(=O)CO5)[nH]c(=O)c3c21
DB0461,C[C@H]1CNC(=O)c2[nH]c3ccc(C(=O)Nc4nc(C(=O)NCCN(C)C)cs4)cc3c21
DB0462,CC(C)[C@H]1C(O)=C(C2=NS(=O)(=O)c3ccccc32)C(=O)N1Cc1ccccc1
DB0463,CN1CCC[C@@H]1CCn1cc(C2=C(c3c[nH]c4ccccc34)C(=O)NC2=O)c2ccccc21
DB0464,CN1CCC[C@H]1CCn1cc(C2=C(c3c[nH]c4ccccc34)C(=O)NC2=O)c2ccccc21
DB0465,O=C(NCc1ccccn1)c1ccc(Oc2ccccc2)cc1
DB0466,CNC(=O)c1ccccc1Nc1nc(Nc2ccc(N3CCOCC3)cc2OC)ncc1Cl
DB0467,CC1N[C@@H](N)CCC1CNCCN1C(Cl)=CN=C(NCC(F)(F)c2ccccn2)C1O
DB0468,OC1/C(=N/CC[C@H]2CCCCN2)NC[C@H](Cl)N1CCNCc1csc2ccc(Cl)cc12
DB0469,CC(C)C[C@H](C[C@H](O)[C@@H](N)CC1CCCCC1)C(=O)O
DB0470,CC(C)Nc1ccc2cnn(-c3cncc(-n4ccc(CC(=O)O)c4)n3)c2c1
DB0471,O=C(CCCCCCC(=O)C(F)(F)F)Nc1ccccc1
DB0472,CC(C)[C@H](NC(=O)C1CCCCC1)C(=O)Nc1ccncc1
DB0473,Cc1nc(C)c(-c2ccnc(Nc3ccc(N(C)C)cc3)n2)s1
DB0474,Nc1nc2cc3[nH]c(NCCN4CCOCC4)nc3cc2c(=O)[nH]1
DB0475,CSCC[C@H](NC(=O)[C@H]1CC[C@@H](C)CC1)C(=O)Nc1ccncc1
DB0476,COc1cc2c(c(OC)c1OC)-c1ccc(OC)c(=O)cc1[C@@H](NC(=O)CS)CC2
DB0477,CC(C)[C@H](C[C@H](O)[C@@H](N)CC1CCCCC1)C(=O)O
DB0478,CC(C)[C@H](NC(=O)NC1CCCC1)C(=O)N1CC[C@H](NC(=O)C2CC2)[C@H]1C1(C=O)CCC1
DB0479,O=S(=O)(NC[C@@H]1C[C@@H](OCc2ccc(Cl)cc2)CN1)c1cccc2cnccc12
DB0480,Clc1c[nH]c2ncnc(N3CCc4[nH]cnc4C3)c12
DB0481,N#CC1(NC(=O)[C@H](CS(=O)(=O)C[C@@H]2CCC(=O)N2)N[C@@H](c2ccc(F)cc2)C(F)(F)F)CC1
DB0482,CCc1cc(-c2[nH]nc(C)c2-c2ccc3c(c2)OCCO3)c(O)cc1O
DB0483,Brc1cccc(-c2cc(NCc3ccncc3)[n+]3[nH]ccc3n2)c1
DB0484,COc1cc2c(cc1OS(N)(=O)=O)CC[C@@H]1[C@@H]2CC[C@]2(C)[C@@H](CC#N)CC[C@@H]12
DB0485,Oc1cc(O)c(-c2noc3ccc(NCCN4CCOCC4)cc23)cc1Cl
DB0486,CN(C)Cc1ccc(-c2cccnc2)o1
DB0487,CNCc1ccc(-c2cccnc2)o1
DB0488,NCC1CCN(CC(=O)Nc2cccc3c2C(=O)c2c-3n[nH]c2C2CCCCC2)CC1
DB0489,CCOC(=O)C(Cc1ccc2ccc(C(N)N)cc2c1)c1ccc(OC2CCNC2)cc1
DB0490,Nc1nc(N)c2c(OCC3CCN(Cc4cccc(Cl)c4Cl)CC3)cccc2n1
DB0491,COc1cc2c(cc1OC)C(=O)[C@H](CC1CCN(Cc3ccccc3)CC1)C2
DB0492,COc1ccc(CCc2c3nc[nH]c3cc3c(=O)[nH]c(N)nc23)cc1
DB0493,Oc1ccc(-n2nc3ccc(O)cc3c2Cl)cc1
DB0494,Clc1ccc([C@H]2C[C@@H]3CC[C@H]2N3)cn1
DB0495,O=C(CCCS)NC1CCN(Cc2ccccc2)CC1
DB0496,COc1cccc(OC)c1CN1CCC(NC(=O)CCCS)CC1
DB0497,COc1cc(Br)cc(CN2CCC(NC(=O)CCCS)CC2)c1OC
DB0498,O=S(=O)(c1ccc2c(c1)CN[C@@H](CF)C2)N1CCSCC1
DB0499,CN(C)C[C@@H](O)COc1ccc(Nc2nccc(Nc3cc(Cl)ccc3Cl)n2)cc1
DB0500,CN(C)C[C@H](O)COc1ccc(Nc2nccc(Nc3cc(Cl)ccc3Cl)n2)cc1
DB0501,N[C@@H](CC(=O)N1CCC[C@H]1CNC(=O)c1ccccc1)Cc1ccccc1F
DB0502,NC(=O)c1cn([C@@H](CO)CCn2ccc3ccc(NC(=O)CCc4ccccc4)cc32)cn1
DB0503,COCCNS(=O)(=O)c1ccc(Nc2nccc(-c3cnc(C)n3C(C)C)n2)cc1
DB0504,CNS(=O)(=O)c1ccc(Nc2nccc(-c3cnc(C)n3C3CC3)n2)cc1
DB0505,O=C(CN1C(=O)[C@@H](NC(=O)c2cc3cc(Cl)sc3[nH]2)Cc2ccccc21)NCCO
DB0506,CCOc1ccnc(CCNC(=S)Nc2ccc(Cl)cn2)c1F
DB0507,O=S(=O)(NCCC(F)(F)F)c1ccc2c(c1)CN[C@@H](CF)C2
DB0508,Cc1cccc(C(=O)c2ccnc(NCc3ccc(C(=N)N)cc3)c2)c1
DB0509,Cc1nnc(-c2ccc(-c3cc(C(=O)NC4CC4)ccc3C)c(C)c2)o1
DB0510,NC[C@@H](NC(=O)c1ccc(-c2ccnc3[nH]ccc23)s1)c1ccccc1
DB0511,Cn1c(=O)n(Cc2ccc(C(=O)O)cc2)c(=O)c2cc(C#CCc3ccccc3)ccc21
DB0512,N[C@H]1CN(CCc2ccc3c(c2)OCO3)C(=O)C[C@@H]1c1cc(F)c(F)cc1F
DB0513,Cc1ccc(O)cc1Nc1ccnc2cc(-c3csc(C=O)n3)ccc12
DB0514,Cc1nnc(-c2ccc(C)c(-c3ccc(C(=O)NCC4CC4)cc3)c2)o1
DB0515,COc1ccc(NCCNC(=O)[C@H](CC2CCCCC2)Nc2nc3ccccc3o2)cc1
DB0516,C[C@@H](C(=O)N1CCOCC1)N1CC[C@H](NS(=O)(=O)c2cc3cc(Cl)ccc3s2)C1=O
DB0517,C[C@@H](C(=O)N1CCOCC1)N1CC[C@H](NS(=O)(=O)c2cc3ccc(Cl)cc3s2)C1=O
DB0518,COc1cc(CS(C)(=O)=O)ccc1Nc1nc(Nc2cccc(F)c2C(N)=O)c2cc[nH]c2n1
DB0519,C[C@@H](C(=O)N1CCOCC1)N1CC[C@H](NS(=O)(=O)c2ccc3cc(Cl)ccc3c2)C1=O
DB0520,N#CCC1C=CC(=Nc2nc(Nc3cc(C4CC4)[nH]n3)c3ccccc3n2)C=C1
DB0521,CNCc1ccc(-c2ncnc3[nH]cnc23)cc1
DB0522,CC(C)c1c(OC#CC2CC2)c2cc(F)ccc2[nH]c1=O
DB0523,CCCc1c(OC2CCCCC2)c2cc(Cl)ccc2[nH]c1=O
DB0524,CCCc1c([S@](=O)C2CCCCC2)c2cc(Cl)ccc2[nH]c1=O
DB0525,O=C(CN1CC[C@@H](NC(=O)c2ccc(Cl)s2)C1)Nc1ccc(-n2ccccc2=O)cc1F
DB0526,C[C@]12CCC[N@+]([O-])(CC(=O)Nc3ccc(NC(=O)CCCC(=O)O)cc3)[C@@H]1CC[C@@]1(C)O[C@@H]21
DB0527,Cc1nc(-c2ccccn2)nc(NCCc2ccccc2)c1Cl
DB0528,O=C(O)CCCNC(=O)c1ccc([C@H]2CC[C@H](c3ccccc3)C[C@@H]2O)cc1
DB0529,c1ccc(C(OC2CCN(CCCc3nnn[nH]3)CC2)c2ccccc2)cc1
DB0530,COc1ccc2c(c1)[nH]c1c(C)nccc12
DB0531,CCCCCCCC(=O)N[C@H]1CCOC1=O
DB0532,CCCCOc1nc(NCCN2CCOCC2)c2ncn(Cc3c(F)cccc3F)c2n1
DB0533,Fc1ccc(-c2c[nH]nc2-c2ccnc(F)c2)cc1
DB0534,O=C(CO)N1CCC(c2n[nH]c(-c3ccc(Cl)cc3)c2-c2ccncn2)CC1
DB0535,N#CCc1ccc(Nc2nc(Nc3cc(C4CC4)[nH]n3)c3ccccc3n2)cc1
DB0536,N#Cc1nc(Nc2ccccc2OCCCn2ccnc2)c2ncn(C3CCCC3)c2n1
DB0537,CC(C)N1CCC(NC(=O)c2cc3ccccc3n2CC(=O)Nc2ccc(Cl)cc2)CC1
DB0538,Cc1ncc(-c2ccnc(Nc3ccc(N4CCN(C(=O)CO)CC4)cc3)n2)n1C(C)C
DB0539,O=C(O)CNS(=O)(=O)c1ccc(N2CCC(c3ccccc3)CC2)cc1
DB0540,Nc1ncccc1NCc1cccc(-c2ccc3cc[nH]c3c2)c1
DB0541,CCNC(=O)N1CCC(Nc2ncc(Cl)c(-c3c[nH]c4ccccc34)n2)CC1
DB0542,Cc1cc(N)nc(C[C@H]2CNC[C@H]2NCCNCc2ccc(Cl)cc2)c1
DB0543,Cc1cc(N)nc(C[C@H]2CNC[C@@H]2NCCNCc2cccc(Cl)c2)c1
DB0544,C#CCN1CCN(c2c(Cl)cccc2NC(=O)c2ccc(Br)o2)CC1
DB0545,N#C[C@H](c1ccnc(NCCc2cccnc2)n1)c1nc2ccccc2s1
DB0546,CNC(=O)CN1CCC(Nc2nccc(-c3cnc4ccccn34)n2)CC1
DB0547,Cc1ccc(NC(=O)NCCSCc2ccc(CN(C)C)o2)cc1Cl
DB0548,COc1cc(Nc2nccc(N(C)c3ccc4c(C)n[nH]c4c3)n2)cc(OC)c1OC
DB0549,Nc1ncnc2c1c(-c1cnc3[nH]ccc3c1)nn2C1CCCC1
DB0550,Cc1cccc(Cl)c1Nc1nc2ccc(N3CCN[C@@H](C)C3)cc2n2cncc12
DB0551,CC(C)(C)c1cc(NC(=O)Nc2ccc(Cl)c(COc3cccnc3)c2)[nH]n1
DB0552,c1ccc2[nH]c(-c3cc[nH]n3)nc2c1
DB0553,O=C(Nc1c[nH]nc1-c1nc2ccc(C[NH+]3CCOCC3)cc2[nH]1)NC1CC1
DB0554,O=C(Nc1ccc(Cl)c(COc2cccnc2)c1)C1=C[C@H](F)C[C@@H](N2CCOCC2)C1
DB0555,C[C@H](C[C@@H]1CCCCN1C)C[C@@H](C)c1ccccc1
DB0556,CC(C)C[C@H](NC(=O)CCCCCCCCCCCn1ccnc1)C(=O)O
DB0557,O=C(Nc1ccc2[nH]cc(CCc3ccncc3)c2c1)c1cc(F)cc(N2CCOCC2)c1
DB0558,N#Cc1ccc(COc2ccc3cc(S(=O)(=O)N[C@H](CCC(=O)O)C(=O)O)ccc3c2)c(F)c1
DB0559,c1ccc2c(-c3ccncc3)n[nH]c2c1
DB0560,CNc1ccc(Sc2nncn2C)cc1C(=O)Nc1nc(C)cs1
DB0561,CC(C)[C@H](NC(=O)c1ccc(CCc2c[nH]c3nc(N)[nH]c(=O)c23)cc1)C(=O)O
DB0562,CC(C)Nc1cc(N[C@H]2CC[C@H](N)CC2)nc2c(C#N)cnn12
DB0563,O=C(N[C@H]1CCCNC1)c1n[nH]cc1NC(=O)c1c(F)cccc1F
DB0564,O=C(NC1CCNCC1)c1n[nH]cc1NC(=O)c1c(Cl)cccc1Cl
DB0565,O=C(O)CCCn1c2c(c3ccccc3c1=O)C(=O)c1ccccc1-2
DB0566,Cn1c2c(c3ccc(Cl)cc31)[C@@H](C#N)C1(CCNCC1)NC2=O
DB0567,O=C(N[C@H]1CCC[C@H]1NC(=O)c1ccc(Cl)s1)c1ccc(-n2ccccc2=O)cc1
DB0568,COc1ccnc2[nH]cc(-c3ccnc(N)n3)c12
DB0569,CCCOc1ccnc2[nH]cc(-c3ccnc(N)n3)c12
DB0570,CN[C@H](Cc1ccccc1)C(=O)N1CCC[C@H]1C(=O)NC[C@H]1CC[C@H](N)CC1
DB0571,CC(C)c1sc([C@@H]2Cc3ccccc3CN2)nc1C(=O)O
DB0572,Cn1ccnc1Sc1cc(C(=O)Nc2nccs2)c(N)cc1F
DB0573,CNC(=O)CCC(=O)N[C@@H](Cc1ccccc1)[C@H](O)CN(CC1CC1)S(=O)(=O)c1ccco1
DB0574,C[C@H]1C=CC2=CCC[C@H](O)[C@@H]2[C@H]1CC[C@H]1C[C@@H](O)CC(=O)O1
DB0575,Oc1ccc(Nc2nc(OCC3CCCCC3)c3nc[nH]c3n2)cc1
DB0576,O=c1[nH]c(NCc2cccc3ccccc23)nc2c1ncn2[C@H]1C[C@H](O)[C@@H](COP(=O)(O)O)O1
DB0577,NC(=O)c1ccc(Nc2nc(OCC3CCCCC3)c3nc[nH]c3n2)cc1
DB0578,N[C@H](C(=O)N1CC(c2cc(F)ccc2F)=C[C@H]1c1ccccc1)C1CC1
DB0579,CC(C)c1nc2c(OCC3CCCCC3)nc(N)nc2[nH]1
DB0580,NS(=O)(=O)c1cccc(Nc2nc(OCC3CCCCC3)c3nc[nH]c3n2)c1
DB0581,O=C(O)CCCNC(=O)NC1CCCCC1
DB0582,O=C(O)CCCCCNC(=O)NC1CCCCC1
DB0583,O=C(O)CCCCCCNC(=O)NC1CCCCC1
DB0584,CC(C)(Oc1ccc(F)cc1Cl)C(=O)N[C@@H]1[C@@H]2C[C@@H]3C[C@H]1C[C@@](S(C)(=O)=O)(C3)C2
DB0585,O=c1c(C2=NS(=O)(=O)c3ccccc3N2)c(O)c2cc(F)ccc2n1CCC1CC1
DB0586,O=C(O)CCCC(=O)Nc1ccc(CC[N+]2([O-])CCCCC2)cc1
DB0587,Cc1cc2c(cc1S(=O)(=O)N1CCN(C)CC1)S(=O)(=O)N[C@@H](C1CCCC1)N2
DB0588,CN1CCN(S(=O)(=O)c2ccc3c(c2)S(=O)(=O)N[C@@H](C2CCCC2)C3)CC1
DB0589,Cc1cc2c(cc1S(=O)(=O)N1CCN(C)CC1)S(=O)(=O)N[C@@H](C1CCCC1)C2
DB0590,C[C@]12CC[C@H]3[C@@H](CCC4=CC(=O)CC[C@@H]43)[C@@H]1CC[C@H]2OC(=O)CCC(=O)O
DB0591,O=S(=O)(CCNCCCO)c1ccc(Nc2nc(OCC3CCCCC3)c3nc[nH]c3n2)cc1
DB0592,CCCC[C@H](CN(O)C=O)C(=O)N1CCC[C@H]1c1nc2ccccc2o1
DB0593,CCCCCCCCCC(=O)CC(=O)N[C@H]1CCOC1=O
DB0594,c1c[nH]c(Nc2ccc(Nc3ccc(Nc4ncc[nH]4)cc3)cc2)n1
DB0595,COCCCN(C(=O)c1ccc(Cl)cc1)[C@H]1CCCN(CCc2ccccc2)C1
DB0596,N#Cc1cnn2c(NCCc3cnc[nH]3)nc(Nc3ccccc3)nc12
DB0597,Cc1ccc(C(=O)NC2CC2)cc1Nc1cc(=O)n(C)c2c1cnn2-c1ccc(F)cc1F
DB0598,N#Cc1cnn2c(Nc3ccccc3)nc(NCC3CCCCC3)nc12
DB0599,C[C@]12C[C@@]34CCC(=O)[C@@](C)(CCC(=O)Nc5c(O)ccc(C(=O)O)c5O)[C@@H]3[C@H](C[C@@H]1C4)O2
DB0600,O=C([C@@H]1C[C@H](N2CCN(c3ncccn3)CC2)CN1)N1CCC(F)(F)C1
DB0601,O=C(O)N1CCC(Cc2cnc3ccccc3c2)CC1
DB0602,COc1cc2ncnc(N3CC[C@@H](Oc4ccc5ccccc5c4)C3)c2cc1OC
DB0603,CC(C)Oc1ccc(CC[C@@]2(C3CCCC3)CC(O)=CC(=O)O2)cc1F
DB0604,COc1cc2ncnc(N3CC[C@@H](Oc4cnc5ccccc5n4)C3)c2cc1OC
DB0605,C[C@]12C[C@@]34C=CC(=O)[C@@](C)(CCC(=O)Nc5c(O)ccc(C(=O)O)c5O)[C@@H]3[C@H](C[C@@H]1C4)O2
DB0606,COc1cc2c(cc1OS(N)(=O)=O)CC[C@@H]1[C@@H]2CC[C@]2(C)[C@@H](OS(N)(=O)=O)CC[C@@H]12
DB0607,N[C@H](Cc1ccccc1)C(=O)N1CCC[C@H]1C(=O)NCCNc1ccncc1
DB0608,Nc1c(C(=O)c2cccc(OC3CCNCC3)c2)cnn1-c1ccc(F)cc1
DB0609,O=C1[C@@H](NS(=O)(=O)c2cc3ncccc3s2)CCN1Cc1cc2ccncc2[nH]1
DB0610,CS(=O)(=O)c1cccc(C(=O)NC[C@@H]2CCCN2C(=O)C[C@H](N)Cc2cccc(Cl)c2)c1
DB0611,CCCCn1c(Cc2ccc3c(c2)OCO3)nc2c(N)ncnc21
DB0612,CC(=O)Nc1cc2cccnc2c2ncccc12
DB0613,Cc1cc(C#N)cc(Oc2ccc(Cc3n[nH]c4nnccc34)cc2Br)c1
DB0614,O=C(O)Cn1cc(Cc2nc3c(F)c(F)cc(F)c3s2)c2cccnc21
DB0615,CC[C@H](CO)Nc1nc(NCc2ccc(-c3ccccn3)cc2)c2ncn(C(C)C)c2n1
DB0616,O=C(Cc1cccs1)N1CCC(c2nc(-c3cccs3)no2)CC1
DB0617,CC(C)C[C@H](CC(=O)NO)C(=O)N[C@H]1Cc2cn(c3ccccc23)CCCCCCNC1=O
DB0618,CC(C)C[C@H](CC(=O)O)C(=O)N[C@H]1Cc2cn(c3ccccc23)CCCCCCNC1=O
DB0619,CC(=O)C[C@H](c1ccccc1)c1c(O)c2ccccc2oc1=O
DB0620,COc1cc(Nc2nccc(Nc3ccc4c(C)n[nH]c4c3)n2)cc(OC)c1OC
DB0621,C[S@@](=O)c1ccc(-c2nc(-c3ccc(F)cc3)c(-c3ccncc3)[nH]2)cc1
DB0622,Fc1ccc(-c2ncn(CC3CC3)c2-c2ccncc2)cc1
DB0623,Clc1cccc(-c2cc(NCc3ccncc3)n3nccc3n2)c1Cl
DB0624,Fc1ccccc1-c1cn2ccnc2c(NCc2cccnc2)n1
DB0625,Fc1ccccc1-c1cc(NCc2ccncc2)n2nccc2n1
DB0626,CC(=O)[C@H]1CC[C@H]2[C@@H]3CCC4=CC(=O)CC[C@]4(C)[C@H]3[C@H](OC(=O)CCC(=O)O)C[C@]12C
DB0627,O/N=C1\CCc2cc(-c3cn(C4CCNCC4)nc3-c3ccncc3)ccc21
DB0628,SC[C@@H](Cc1ccccc1)c1nc2c[nH+]ccc2[nH]1
DB0629,Nc1ccc(Br)cc1C(=O)N1CCC[C@@H]1Cc1ccccc1Cl
DB0630,C[C@@H]1C[C@H](C)CN(C(=O)c2cc(Br)ccc2NC(=O)CCC(=O)O)C1
DB0631,C[C@@H]1C[C@H](C)CN(C(=O)c2cc(Br)ccc2NC(=O)CCC(=O)N2CCOCC2)C1
DB0632,CCn1nccc1-c1c[nH]c2ncc(-c3ccc(N)c(C(=O)N(C)C)c3)cc12
DB0633,N#Cc1ccccc1Cn1c(N2CCC[C@@H](N)C2)nc2ccccc2c1=O
DB0634,C[C@]12CC[C@H]3[C@@H](CCC4=CC(=O)CC[C@@]43C)[C@@H]1CC[C@@H]2OC(=O)CCC(=O)O
DB0635,CC(C)C[C@H](N)CN1CCCN2CCC[C@H]21
DB0636,CO[C@@H]1[C@H](OC(=O)NC(=O)CCl)CC[C@]2(CO2)[C@H]1[C@@]1(C)O[C@@H]1CC=C(C)C
DB0637,Cc1cc(C)c(Nc2ccnc(Nc3ccc(C#N)cc3)n2)c(C)c1
DB0638,COc1cc(N(C)C[C@H]2CCC3=C(C2)C(N)=N[C@H](N)N3)cc(OC)c1OC
DB0639,CC[C@@H](c1cccc(NC(=O)CNC(=O)OC(C)(C)C)c1)c1c(O)c2ccccc2oc1=O
DB0640,N#Cc1ccc2cc1Oc1ccc3cccc(c3c1)N1CC[C@@H](NCc3cncn3C2)C1=O
DB0641,N#C[C@H]1CC=C2CC1Oc1ccc3cccc(c3c1)N1CC[C@H](NCCc3cncn3C2)C1=O
DB0642,CC(C)c1cnc(NC(=O)Cc2cccnc2)s1
DB0643,O=C1NC(=O)c2c1c1c3ccccc3n3c1c1c2c2ccccc2n1[C@H]1CC[C@@H]3O1
DB0644,Nc1nccc(-c2ccc3noc(-c4ccc(Cl)cc4)c3c2)n1
DB0645,Cc1cc(CCCCCOc2ccc(C3=NCCO3)cc2Cl)on1
DB0646,OCCOCOCc1cc(CCCCCOc2c(Cl)cc(C3=NCCO3)cc2Cl)on1
DB0647,Cc1cc(CCCCCOc2c(Cl)cc(C3=NCCO3)cc2Cl)on1
DB0648,Cc1cc(CCCOc2c(Cl)cc(C3=NCCO3)cc2Cl)on1
DB0649,O=C(Nc1ccc2ccn(CCc3ccncc3)c2c1)c1cc(F)cc(N2CCOCC2)c1
DB0650,CC(C)C[C@H](O)[C@H](O)[C@@H](N)CC1CCCCC1
DB0651,CN(C(=O)CCN1Cc2cc(C(=O)c3ccccc3)ccc2N=C1N)C1CCCCC1
DB0652,CN1CCC(C#N)(NC(=O)[C@H](CC2CCCCC2)NC(=O)N2CCOCC2)CC1
DB0653,C[C@@](C#N)(COCc1ccccc1)NC(=O)[C@H](CC1CCCCC1)NC(=O)N1CCOCC1
DB0654,C[C@@H](N)[C@H]1CC[C@H](C(=O)Nc2ccncc2)CC1
DB0655,C[C@H](CS)C(=O)N1C[C@@H](Sc2ccccc2)C[C@H]1C(=O)O
DB0656,Nc1nc(NCCc2ccc(O)cc2)nc2nc(-c3ccco3)nn12
DB0657,CCOC(=O)C(c1c(O)c2ccccc2oc1=O)c1c(O)c2ccccc2oc1=O
DB0658,O=C(OCCOCCN1CCCCC1)N1c2ccccc2Sc2cccnc21
DB0659,O=C1[C@@H]2[C@H]3CC[C@H](C3)[C@@H]2C(=O)N1C[C@@H]1CCCC[C@H]1CN1CCN(c2nsc3ccccc23)CC1
DB0660,COC(=O)[C@H]1[C@@H](c2ccc([123I])cc2)C[C@@H]2CC[C@H]1N2CCCF
DB0661,CS(=O)(=O)c1ccc(C(=O)Nc2ccc(Cl)c(-c3ccccn3)c2)c(Cl)c1
DB0662,C[C@H](CCC(=O)NCCS(=O)(=O)O)[C@H]1CC[C@H]2[C@@H]3[C@H](O)C[C@@H]4C[C@H](O)CC[C@]4(C)[C@H]3CC[C@]12C
DB0663,C[C@H](CCC(=O)NCCS(=O)(=O)O)[C@H]1CC[C@H]2[C@@H]3[C@@H](O)C[C@@H]4C[C@H](O)CC[C@]4(C)[C@H]3CC[C@]12C
DB0664,CC[N+](CC)(CC)CC
DB0665,N#CC[C@H](C1CCCC1)n1cc(-c2ncnc3[nH]ccc23)cn1
DB0666,Nc1nc(CC(=O)Nc2ccc(CCNC[C@H](O)c3ccccc3)cc2)cs1
DB0667,CN(C)C/C=C/C(=O)Nc1cc2c(Nc3ccc(F)c(Cl)c3)ncnc2cc1O[C@H]1CCOC1
DB0668,O=C1[C@H]2CCCC[C@H]2C(=O)N1CCCCN1CCN(c2nsc3ccccc23)CC1
DB0669,CCNC(=O)N1CCN(CCCC(c2ccc(F)cc2)c2ccc(F)cc2)CC1
DB0670,C[C@@H]1CCO[C@H]2Cn3cc(C(=O)NCc4ccc(F)cc4F)c(=O)c(O)c3C(=O)N12
DB0671,CC(=O)CCC1C(=O)N(c2ccccc2)N(c2ccccc2)C1=O
DB0672,O=C(NC1CCN(CCc2c[nH]c3ccccc23)CC1)c1ccccc1
DB0673,c1ccc2c(CCC3CCNCC3)c[nH]c2c1
DB0674,CC(C(O)c1ccc(O)cc1)N1CCC(Cc2ccccc2)CC1
DB0675,C[N+](C)(C)CCCCCC[N+](C)(C)C
DB0676,NS(=O)(=O)c1cc(-c2nn[nH]n2)c(NCc2cccs2)cc1Cl
DB0677,O=C(OCC(O)CO)c1ccccc1Nc1ccnc2cc(Cl)ccc12
DB0678,CN(CC(=O)N1CCOCC1)Cc1c(Cl)cccc1NC(=O)c1ccccc1
DB0679,CC1(C)O[C@@H]2C[C@H]3[C@@H]4C[C@H](F)C5=CC(=O)C=C[C@]5(C)[C@@]4(Cl)[C@@H](Cl)C[C@]3(C)[C@]2(C(=O)CO)O1
DB0680,O=C(OCC(O)CO)c1ccccc1Nc1ccnc2c(C(F)(F)F)cccc12
DB0681,O=C1NCC2(CCN(CCc3ccccc3)CC2)O1
DB0682,O=C1CC[C@@](c2ccccc2)(C2CCN(Cc3ccccc3)CC2)C(=O)N1
DB0683,CCC1(c2ccccc2)C(=O)NC(=O)NC1=O.CN[C@@H](C)CC1CCCCC1
DB0684,Cc1ccc(-n2nccn2)c(C(=O)N2CCN(c3nc4cc(Cl)ccc4o3)CC[C@H]2C)c1
DB0685,OC[C@H]1O[C@@H](c2ccc(Cl)c(Cc3ccc(O[C@H]4CCOC4)cc3)c2)[C@H](O)[C@@H](O)[C@@H]1O
DB0686,CCCCCCCC(=O)N[C@H](CN1CCCC1)[C@H](O)c1ccc2c(c1)OCCO2
DB0687,N#Cc1c(N2C[C@@H]3NCCO[C@H]3C2)c(F)cc2c(=O)c(C(=O)O)cn(C3CC3)c12
DB0688,CCC(C)(C)c1ccc(CC(C)CN2C[C@@H](C)O[C@@H](C)C2)cc1
DB0689,CC(=O)c1c(C)c2cnc(Nc3ccc(N4CCNCC4)cn3)nc2n(C2CCCC2)c1=O
DB0690,O=C(c1cc(Cc2n[nH]c(=O)c3ccccc23)ccc1F)N1CCN(C(=O)C2CC2)CC1
DB0691,COc1cc2nccc(Oc3ccc(NC(=O)NC4CC4)c(Cl)c3)c2cc1C(N)=O
DB0692,COc1cc2c(cc1OC)CC(=O)N(CCCN(C)C[C@H]1Cc3cc(OC)c(OC)cc31)CC2
DB0693,CCCN1C[C@@H](NS(=O)(=O)N(CC)CC)C[C@@H]2Cc3c(O)cccc3C[C@H]21
DB0694,C=CC[C@H]1CN(CCc2ccccc2)CC[C@H]1N(C(=O)CC)c1ccccc1
DB0695,CCCC(=O)N(c1ccccc1)C1CCN(CCc2ccccc2)CC1
DB0696,O=C(c1ccco1)N(c1cnccn1)C1CCN(CCc2ccccc2)CC1
DB0697,CCC(=O)N(c1ccc(F)cc1)C1CCN(CCc2ccccc2)CC1
DB0698,CCC(=O)N(c1ccccc1)C1CCN(CCc2cccs2)CC1
DB0699,CCC(=O)N(c1ccccc1)C1CCN(Cc2ccccc2)CC1
DB0700,COc1ccc(F)cc1C[C@@](O)(C1CCOCC1)[C@@H]1CNCCO1
DB0701,CNCCCC1(C)CN(c2ccccc2)c2ccccc21
DB0702,FC(F)(F)c1cccc(N2CCN(CCc3nnc4n3C[C@@H]3CCC[C@H]43)CC2)c1
DB0703,CC(C)(C)NCC(O)CSc1nc(-c2ccc(C(N)=O)s2)cs1
DB0704,CC1CCN(CCCC(=O)c2ccc(F)cc2)CC1
DB0705,O=C1COc2ccc(OCCCCN3CCN(c4cccc(Cl)c4Cl)CC3)cc2N1
DB0706,Cc1ccc2c(c1)c1c3n2CCNC3CCC1
DB0707,Cc1nccn1CCC(C(N)=O)(c1ccccc1)c1ccccc1
DB0708,C[N+]1(CC2CC2)[C@@H]2C[C@@H](OC(=O)[C@H](CO)c3ccccc3)C[C@H]1[C@@H]1O[C@@H]12
DB0709,O=C(OCCN1CCOCC1)c1cccnc1Nc1cccc(C(F)(F)F)c1
DB0710,NC(=O)C1(N2CCCCC2)CCN(CCCC(=O)c2ccc(F)cc2)CC1
DB0711,CN1c2ccccc2C(NCCCCCCC(=O)O)c2ccc(Cl)cc2S1(=O)=O
DB0712,O=C1OC(OC(=O)c2cccnc2Nc2cccc(C(F)(F)F)c2)c2ccccc21
DB0713,COc1cc([C@H]2Oc3cc([C@H]4Oc5cc(O)cc(O)c5C(=O)[C@@H]4O)ccc3O[C@@H]2CO)ccc1O
DB0714,CCCC[N+]1(C)[C@@H]2C[C@@H](OC(=O)[C@H](CO)c3ccccc3)C[C@H]1[C@@H]1O[C@@H]12
DB0715,CN1CCC2=C(C1)c1ccccc1Cc1ccccc12
DB0716,CN1CCN2c3ccccc3Cn3cccc3C2C1
DB0717,CNCC(O)CC12CCC(c3ccccc31)c1ccccc12
DB0718,CC1(C)S[C@@H]2[C@H](NC(=O)C(C(=O)Oc3ccc4c(c3)CCC4)c3ccccc3)C(=O)N2[C@H]1C(=O)O
DB0719,C=CC(=O)Nc1cc(Nc2nccc(-c3cn(C)c4ccccc34)n2)c(OC)cc1N(C)CCN(C)C
DB0720,CC(C)NC(C)Cc1ccc([123I])cc1
DB0721,CCc1cc2c(cc1N1CCC(N3CCOCC3)CC1)C(C)(C)c1[nH]c3cc(C#N)ccc3c1C2=O
DB0722,O=C(CCCN1CCN(c2ccccn2)CC1)c1ccc(F)cc1
DB0723,CCOP(=S)(OCC)Oc1ccc2c(C)c(Cl)c(=O)oc2c1
DB0724,CN1C[C@@H]2C[C@H]1CN2c1cc2c(cc1F)c(=O)c(C(=O)O)cn2C1CC1
DB0725,CCN1CCN(c2cc3c(cc2F)c(=O)c(C(=O)O)cn3C2CC2)CC1
DB0726,CNS(=O)(=O)CC1CCC(N(C)c2ncnc3[nH]ccc23)CC1
DB0727,C[C@@H]1CN(c2c(F)c(F)c3c(=O)c(C(=O)O)cn(C4CC4)c3c2F)C[C@H](C)N1
DB0728,N#Cc1c(N2C[C@@H]3CCCN[C@@H]3C2)c(F)cc2c(=O)c(C(=O)O)cn(C3CC3)c12
DB0729,COP(=S)(OC)Oc1cc(Cl)c(Cl)cc1Cl
DB0730,C[C@@H]1C[C@H]2[C@@H]3CCC4=CC(=O)C=C[C@]4(C)[C@@]3(F)[C@@H](O)C[C@]2(C)[C@@]1(O)C(=O)COC(=O)c1ccncc1
DB0731,O=C(O)CCC/C=C\C[C@@H]1[C@@H](/C=C/[C@@H](O)COc2cccc(C(F)(F)F)c2)[C@H](O)C[C@@H]1O
DB0732,O=C(O)CSc1nnc(Br)n1-c1ccc(C2CC2)c2ccccc12
DB0733,OC(c1ccccc1)(c1ccccc1)C1CCCCN1
DB0734,CCOCCn1c(C2CCN(CCc3ccc(C(C)(C)C(=O)O)cc3)CC2)nc2ccccc21
DB0735,C[C@H](CCC(=O)O)[C@H]1CC[C@H]2[C@@H]3C(=O)C[C@@H]4CC(=O)CC[C@]4(C)[C@H]3CC(=O)[C@]12C
DB0736,CS(=O)(=O)c1cc(F)cc2c3c(n(Cc4ccc(Cl)cc4)c12)[C@@H](CC(=O)O)CC3
DB0737,Cn1nccc1-c1ccc(Sc2cccc(C3(C(N)=O)CCOCC3)c2)cc1
DB0738,COc1ccc([C@H]2CNC(=O)[C@H](Cc3cccc(C)c3)C2)cc1OC1CCCC1
DB0739,Cc1c(CC(=O)O)c2cccnc2n1Cc1ccc(S(C)(=O)=O)cc1
DB0740,CCOc1cc(N)c(Cl)cc1C(=O)NCC1CN(Cc2ccc(F)cc2)CCO1
DB0741,CCc1nn(C2CCCC2)c2c1CCn1c(-c3cccs3)nnc1-2
DB0742,CN1CCCC[C@H]1CCc1ccccc1NC(=O)/C=C/c1ccccc1
DB0743,C1=C/COCc2cc(ccc2OCCN2CCCC2)Nc2nccc(n2)-c2cccc(c2)COC/1
DB0744,Cc1cccc(C)c1N(CC(=O)Nc1ccc(-c2ncon2)cc1)C(=O)C1CCS(=O)(=O)CC1
DB0745,CCC[C@@H](Nc1c(Nc2cccc(C(=O)N(C)C)c2O)c(=O)c1=O)c1ccc(C)o1
DB0746,CN1CCC(C(=O)c2cccc(NC(=O)c3c(F)cc(F)cc3F)n2)CC1
DB0747,C1COC(NC(C2CC2)C2CC2)=N1
DB0748,CNCc1cc(-c2ccccc2F)n(S(=O)(=O)c2cccnc2)c1
DB0749,C[C@@]12OC(=O)[C@]1([C@@H](O)[C@@H]1C=CCCC1)NC(=O)[C@@H]2CCCl
DB0750,N#CCNC(=O)c1ccc(-c2ccnc(Nc3ccc(N4CCOCC4)cc3)n2)cc1
DB0751,CC(C)(C)OC(=O)NCCN1C[C@@H]2CN(CCOc3ccc(C#N)cc3F)C[C@H](C1)O2
DB0752,C[C@H](CCC(=O)O)[C@H]1CC[C@H]2[C@@H]3C[C@H](O)[C@@H]4C[C@H](O)CC[C@]4(C)[C@H]3CC[C@]12C
DB0753,C[C@@H]1NC(C)(C)CO[C@@]1(O)c1cccc(Cl)c1
DB0754,CNC(=O)c1ccc(-c2cnc3ncc(Cc4ccc5ncccc5c4)n3n2)cc1F
DB0755,NC(=O)c1cccc2cn(-c3ccc([C@@H]4CCCNC4)cc3)nc12
DB0756,O[C@H]1CC[C@H](Nc2ncc3nc(Nc4c(F)cc(F)cc4F)n([C@H]4CCOC4)c3n2)CC1
DB0757,O=C(NCc1c(F)cc(F)cc1F)c1cn2c(c(O)c1=O)C(=O)N1[C@H]3CC[C@H](C3)O[C@@H]1C2
DB0758,CC[C@H](C)[C@@H]1C(=O)N[C@H](C2Cc3ccccc3C2)C(=O)N1[C@@H](C(=O)N1CCOCC1)c1coc(C)n1
DB0759,CN(C)C[C@@H]1CCn2cc(c3ccccc32)C2=C(C(=O)NC2=O)c2cn(c3ccccc23)CCO1
DB0760,Nc1ccccc1NC(=O)c1ccc(CNc2nccc(-c3cccnc3)n2)cc1
DB0761,Nc1ccccc1NC(=O)c1ccc(CNC(=O)OCc2cccnc2)cc1
DB0762,Cc1nc(N(C)C(=O)Cc2ccc(-c3ccccn3)cc2)sc1S(N)(=O)=O
DB0763,CNC(=O)c1cccc2cc(Oc3ccnc4cc(OCC5(N)CC5)c(OC)cc34)ccc12
DB0764,CN(C)C(=O)CCn1nc(Nc2ccc3c(c2)OC(F)(F)O3)nc1-c1ccncc1
DB0765,COc1cc2c(c(OC)c1OC)-c1ccc(OP(=O)(O)O)cc1[C@@H](NC(C)=O)CC2
DB0766,CC(C)(Sc1ccncc1-c1ccc(C#N)c2ccccc12)C(=O)O
DB0767,COc1cc2c(Oc3ccc4[nH]c(C)cc4c3F)ccnc2cc1OCC1(N)CC1
DB0768,Cn1cc(-c2cnn3c(N)c(Br)c([C@@H]4CCCNC4)nc23)cn1
DB0769,O=C(NCC1CCOCC1)c1cnc(Nc2ccc(Cl)cc2Cl)nc1C(F)(F)F
DB0770,CC(=O)NC[C@H]1CN(c2ccc(N3CCSCC3)c(F)c2)C(=O)O1
DB0771,Cc1cccc(-c2nn3c(c2-c2ccnc4ccc(C(N)=O)cc24)CCC3)n1
DB0772,COc1cc2c(cc1OC)[C@H]1C[C@@H](OC(=O)[C@@H](N)C(C)C)[C@H](CC(C)C)CN1CC2
DB0773,CC(=O)OCC(=O)[C@@]12N=C(C)O[C@@H]1C[C@H]1[C@@H]3CCC4=CC(=O)C=C[C@]4(C)[C@H]3[C@@H](O)C[C@@]12C
DB0774,Cc1c(F)cccc1NC(=O)Nc1ccc(Cl)c(S(=O)(=O)[C@H]2CCCNC2)c1O
DB0775,CCCN1CCC(c2cccc(S(C)(=O)=O)c2)CC1
DB0776,C[C@@H]1CN(Cc2ncccn2)C[C@H]1c1nc2c(cnn2C2CCOCC2)c(=O)[nH]1
DB0777,O=C1NC(=O)/C(=C/c2ccc3nccc(-c4ccncc4)c3c2)S1
DB0778,COc1ccnc(CS(=O)c2nc3cc(-n4cccc4)ccc3[nH]2)c1C
DB0779,CN1CC[C@@H](NC(=O)Nc2ccc(C#N)cc2)C[C@@H]1c1nc2ccccc2[nH]1
DB0780,O=C([C@H](O)CS(=O)(=O)c1ccc2cc(Cl)ccc2c1)N1CCC(N2CCCNC2=O)CC1
DB0781,CCC[C@H](N[C@H]1CCc2cc(F)cc(F)c2C1)C(=O)Nc1cn(C(C)(C)CNCC(C)(C)C)cn1
DB0782,Cc1c(CC(=O)O)c2cccnc2n1Cc1ccc(S(C)(=O)=O)cc1C(F)(F)F
DB0783,NC(=O)c1cccc([C@H]2C[C@H]3CC[C@@H](C2)N3CCN(CC2CCCCC2)C(=O)[C@@H](O)CO)c1
DB0784,Cc1nc(NC(=O)N2CCC[C@H]2C(N)=O)sc1-c1ccnc(C(C)(C)C(F)(F)F)c1
DB0785,c1ccc2c(CCNc3ccc(Nc4ccncc4)cc3)c[nH]c2c1
DB0786,CC(C)OC(=O)CCC[C@H]1CC[C@@H]2[C@@H](/C=C/[C@@H](O)COc3cc(F)ccc3F)[C@H](O)C[C@@H]2OC1
DB0787,CCC(CC)COC(=O)[C@@H]1C[C@H]2C[C@@H](Oc3cccc(Cl)c3-c3nnn[nH]3)CC[C@H]2CN1
DB0788,C[C@H](NC(=O)CCC(F)(F)F)C(=O)N[C@@H]1C(=O)N(CCO)c2ncccc2-c2ccccc21
DB0789,COc1ccc(CC2OC(=O)NC2=O)cc1C(=O)NCc1ccc(C(F)(F)F)cc1
DB0790,CCCCn1ccc(N2CCC(c3ccccc3)CC2)c(Cl)c1=O
DB0791,Cc1ccc(COC(=O)N2CC[C@H](CNc3ncccn3)[C@H](F)C2)cc1
DB0792,c1cc2c3c(c1)[C@H]1CCC[C@H]1CN3CCNC2
DB0793,O=[P@@]1(N(CCCl)CCCl)N[C@@H](SCCS(=O)(=O)O)CCO1
DB0794,O=C1CC[C@H](N2Cc3c(OCc4ccc(CN5CCOCC5)cc4)cccc3C2=O)C(=O)N1
DB0795,Cc1nc(-c2cn3c(n2)-c2ccc(-c4cnn(C(C)(C)C(N)=O)c4)cc2OCC3)n(C(C)C)n1
DB0796,C[C@@](C(=O)O[C@H]1C[N+]2(CCc3ccc(F)cc3)CCC1CC2)(c1ccccc1)N1CCCCC1
DB0797,c1cn2cc(-c3ccc4cn[nH]c4c3)nc(Nc3ccc(N4CCOCC4)cc3)c2n1
DB0798,c1cnc2c(c1)O[C@H]1CC[N@]3CC[C@@]1(C2)C3
DB0799,O=c1ccc2ncc(=O)n3c2n1C[C@H]3CN1CCC(NCc2cc3c(cn2)OCCC3)CC1
DB0800,c1cnc2c(c1)C[C@@]1(CN3CCC1CC3)O2
DB0801,COc1cc(OC)cc(N(CCNC(C)C)c2ccc3ncc(-c4cnn(C)c4)nc3c2)c1
DB0802,Cc1ccc(-c2ncccn2)c(C(=O)N2C[C@H](COc3ccc(F)cn3)CC[C@H]2C)c1
DB0803,O=C1O[C@]2(CC[C@H](C(=O)Nc3ccn(-c4ccccc4F)n3)CC2)c2cnccc21
DB0804,CNC(=O)CN1CCC(Oc2cc3c(Nc4cccc(Cl)c4F)ncnc3cc2OC)CC1
DB0805,N#Cc1ccc2c(c1)CN(S(=O)(=O)c1cccs1)[C@H](Cc1ccccc1)CN2Cc1cnc[nH]1
DB0806,CCCN1CCN(c2ccc(C(=O)NC3(C(=O)NCC#N)CCCCC3)cc2)CC1
DB0807,COc1cc(CCc2cc(NC(=O)c3ccc(N4C[C@@H](C)N[C@@H](C)C4)cc3)n[nH]2)cc(OC)c1
DB0808,O=C(Nc1ccc2[nH]c(=O)oc2c1)C(=O)N1CCC(Cc2ccc(F)cc2)CC1
DB0809,CCNc1cccnc1N1CCN(C(=O)c2cc3cc(OC)ccc3[nH]2)CC1
DB0810,CN1CCc2cc(Cl)c(O)cc2[C@H]2c3ccccc3CC[C@@H]21
DB0811,CCCOC(C(=O)OC1CCN(C)CC1)(c1ccccc1)c1ccccc1
DB0812,COc1ccc2[nH]cc(CCNC(=O)c3cc(=O)cco3)c2c1
DB0813,COc1ccc(C(=O)Nc2cccc(O)c2NC(=O)c2ccc(N3CCCN(C)CC3)cc2)cc1
DB0814,O=C(c1ccc(CN2CCOCC2)cc1)N1CCN(C2CC2)CC1
DB0815,N[C@@H]1CC[C@@H](c2ccc(Cl)c(Cl)c2)c2ccccc21
DB0816,C[C@H]1Cc2c([nH]c3cc(Cl)c(F)cc23)[C@@]2(N1)C(=O)Nc1ccc(Cl)cc12
DB0817,Oc1ccc(CCNCCCCCCNCCc2ccccc2)cc1O
DB0818,CCCCCNC(=O)c1coc([C@H]2[C@@H](Cc3ccccc3CCC(=O)O)[C@@H]3CC[C@H]2O3)n1
DB0819,COC(=O)[C@@H]1C[C@H](OC(C)=O)C(=O)[C@H]2[C@@]1(C)CC[C@H]1C(=O)O[C@H](c3ccoc3)C[C@]21C
DB0820,CC(=O)NC[C@H]1CN(c2ccc(-c3ccc(CNCc4cnn[nH]4)cc3)c(F)c2)C(=O)O1
DB0821,O=c1[nH]c([C@@H]2CCCN2)nc2c1oc1ccc(Cl)cc12
DB0822,CC(C)CNC(=O)[C@H]1C[C@@](F)(c2ccc(CN3CCCC3)c(F)c2)C1
DB0823,O=C1c2ccccc2OC=C(Cl)N1CCCCN1CC=C(c2ccccn2)CC1
DB0824,C[C@@H](N[C@H]1CCN(c2ccc(CC(=O)O)cc2)C1)c1cccc2ccccc12
DB0825,O=C(CCCN1CCC(O)(c2ccc(Br)cc2)CC1)c1ccc(F)cc1
DB0826,COc1ccc(-n2nnnc2C(F)(F)F)cc1CN[C@H]1CCCN[C@H]1c1ccccc1
DB0827,O=C(c1ccc(F)cc1)C1CCN(CCn2c(=O)[nH]c3ccccc3c2=O)CC1
DB0828,COc1ccc(Cl)c(-c2ccc(NC(=O)c3ccnn3C)nc2N)c1
DB0829,CCc1nc2c(N)nc3ccccc3c2n1CCCCNS(C)(=O)=O
DB0830,CON=C1CN(c2nc3c(cc2F)c(=O)c(C(=O)O)cn3C2CC2)CC12CNC2
DB0831,COc1cc(O)c(C(=O)Nc2nc(C(=O)NCCN(C(C)C)C(C)C)cs2)cc1OC
DB0832,N#CC(CCN1CCC(C(N)=O)(N2CCCCC2)CC1)(c1ccccc1)c1ccccc1
DB0833,CC[C@H](Nc1cc(C)nc2c(-c3ccc(OC)cc3C)c(C)nn12)c1nc(C)no1
DB0834,CCN1CCC[C@H]1CNC(=O)c1c(O)c(Cl)cc(Cl)c1OC
DB0835,Cc1cc(C)c2nc(-c3cnc(NCCCC4CCN(C)CC4)nc3C)[nH]c2c1
DB0836,CN(c1nccc(=O)[nH]1)C1CCN(c2nc3ccccc3n2Cc2ccc(F)cc2)CC1
DB0837,CCn1ncc2c(NC3CCOCC3)c(-c3nnc(Cc4sc(C)nc4C)o3)cnc21
DB0838,Cc1cc(-c2ncc(CC(=O)Nc3ccc(-c4cnccn4)cn3)cc2C)ccn1
DB0839,CC[C@@](C)(Nc1ccnc(-c2c[nH]c3ncccc23)n1)C(=O)NCC(F)(F)F
DB0840,C[C@H]1CN(Cc2ccc(CC(=O)N3CCC(Nc4cccc(F)c4)CC3)cc2)CCN1
DB0841,CCCn1c(=O)c2[nH]c(C34CCC(CCC(=O)O)(CC3)CC4)nc2n(CCC)c1=O
DB0842,NC(=O)c1ccc(Oc2ccc(CNCCC3CCOCC3)cc2F)nc1
DB0843,C[C@H]1C=C(c2csc(SC3=C(C(=O)O)N4C(=O)[C@H]([C@@H](C)O)[C@H]4[C@H]3C)n2)CN1
DB0844,CC(=O)N(C)c1cccc(-c2ccnc3c(C(=O)c4cccs4)cnn23)c1
DB0845,O=C(NCC12CC3CC(CC(C3)C1)C2)c1cc(CCCNCCCO)ccc1Cl
DB0846,O=C(Nc1ccc(OC(F)(F)Cl)cc1)c1cnc(N2CC[C@@H](O)C2)c(-c2ccn[nH]2)c1
DB0847,Cn1cc(-c2[nH]c3cc(NC(=O)[C@H](N)C4CCCCC4)cc4c3c2C=NNC4=O)cn1
DB0848,O=C(CNC(=O)c1cccc(C(F)(F)F)c1)NC1CN([C@H]2CC[C@@](O)(c3cncs3)CC2)C1
DB0849,Cc1ccc(Sc2ccccc2C2CCNCC2)cc1
DB0850,Cc1c(CN(C)C(=O)/C=C/c2cnc3c(c2)CCC(=O)N3)oc2ccccc12
DB0851,CCCn1c(=O)c2[nH]c(C34C[C@@H]5CC3C[C@@H](C5)C4)nc2n(CCC)c1=O
DB0852,CC(C)CC(=O)Nc1n[nH]c2c1CN(C(=O)C1CCN(C)CC1)C2(C)C
DB0853,Cn1cc(-c2ccc(F)c(C(F)(F)F)c2)nc1C1CCN(c2ncnc3[nH]ncc23)CC1
DB0854,CN(C(=O)Cc1ccc(Cl)c(Cl)c1)[C@H]1CC[C@@]2(CCCO2)C[C@@H]1N1CCCC1
DB0855,CN1CCN(CCCN2c3ccccc3Sc3ccccc32)CC1
DB0856,c1cnc(NCc2ccc(CNc3ncccn3)cc2)nc1
DB0857,CC(C)[C@@]1(C(=O)N[C@H]2CC(=O)O[C@]2(O)CF)CC(c2nccc3ccccc23)=NO1
DB0858,CN(C)CCn1cc(C(=O)N2CCC3(CC2)OCc2ccccc23)c2ccc(Cl)cc21
DB0859,COC(=O)N1CCC(CN2CCC(CNC(=O)c3cccc4nc(C(C)C)[nH]c34)CC2)CC1
DB0860,O=[P@]1(N(CCCl)CCCl)N[C@H](OO)CCO1
DB0861,O=C(/C=C/c1cccnc1)NCCCCC1CCN(C(=O)c2ccccc2)CC1
DB0862,CCn1c(-c2nonc2N)nc2c(C#CC(C)(C)O)ncc(OC[C@H]3CCCNC3)c21
DB0863,Nc1ncc(-c2ccncc2)nc1Nc1ccc2[nH]ccc2c1
DB0864,O=C(NCc1ccncc1)C12CC3CC(C1)CC(c1ccc(Cl)cc1)(C3)C2
DB0865,O=C(CS(=O)Cc1ccco1)NC/C=C\COc1cc(CN2CCCCC2)ccn1
DB0866,CCCCC[C@H](O)/C=C/[C@@H]1[C@@H](C/C=C\CCCC(=O)O)[C@@H](O)C[C@H]1O
DB0867,C[C@H](NC(=O)[C@H](CCC(=O)O)NC(=O)CCCC[C@@H]1CCSS1)C(=O)O
DB0868,O=C1C=CN(c2c(F)cc(N3C[C@H](CNc4ccon4)OC3=O)c(F)c2F)CC1
DB0869,COc1cc(N)c(Cl)cc1C(=O)NCC1CCN(CC[C@H](OC(N)=O)c2ccc(F)cc2)CC1
DB0870,COc1cc([C@@H]2c3cc4c(cc3[C@H](O)[C@H]3COC(=O)[C@@H]23)OCO4)cc(OC)c1OC
DB0871,CCc1nc2c(C)nc(C)cc2n1-c1ccc(CCNC(=O)NS(=O)(=O)c2ccc(C)cc2)cc1
DB0872,OCCn1cc(-c2cnc3nnn(Cc4ccc5ncccc5c4)c3n2)cn1
DB0873,COc1cc(N)c(Cl)cc1C(=O)NCC1CCN(CCCn2ccnn2)CC1
DB0874,O=C(CCCN1CCC(n2c(O)nc3ccccc32)CC1)c1ccc(F)cc1
DB0875,Cc1cnc(NCCCN(C)C)c2c1[nH]c1ccc3cc(O)ccc3c12
DB0876,O=c1[nH]c2ccccc2n1CCCN1CCN(C(c2ccccc2)c2ccccc2)CC1
DB0877,Oc1cc2c(cc1O)[C@@H]1c3ccccc3CN[C@H]1CC2
DB0878,O=P1(N(CCCl)CCCl)OCCCN1CCCl
DB0879,OCCN1CCN(CCCN2c3ccccc3C=Cc3ccccc32)CC1
DB0880,CS(=O)(=O)c1cc(C(F)(F)F)ccc1C(=O)c1cnoc1C1CC1
DB0881,CCCn1c(=O)c2nc(C3CCCC3)[nH]c2n(CCC)c1=O
DB0882,CC1(C)C(=O)N(C(=O)NCC2CCN(CC3(O)CCOCC3)CC2)c2cc(F)ccc21
DB0883,CN(C)CCCN1c2ccccc2Sc2cccnc21
DB0884,COc1cc(N2CCN(C(=O)Cn3nc(-c4ncc[nH]4)c4cccnc43)CC2)ccc1Cl
DB0885,CN1CCC(Nc2ncc3ncnc(Nc4ccc(F)c(Cl)c4)c3n2)CC1
DB0886,NCc1c[nH]c(=S)n1[C@H]1CCc2c(F)cc(F)cc2C1
DB0887,O=C1CCc2ccc(OCCCCN3CCN(c4cccc5ccccc45)CC3)nc2N1
DB0888,O=C(NC1CC1)c1cn(-c2cccc(C#Cc3ccc[n+]([O-])c3)c2)c2ncccc2c1=O
DB0889,CCNCc1cncc(-c2ccc3[nH]nc(-c4nc5c(F)cc(F)cc5[nH]4)c3c2)c1C
DB0890,O=C(O)CCn1c2c(c3ccccc31)C[C@H](NS(=O)(=O)c1ccc(F)cc1)CC2
DB0891,CC(=O)NCC(=O)N1[C@@H]2CC[C@H]1c1ccc(Nc3ncc(C(F)(F)F)c(NC4CCC4)n3)cc12
DB0892,CCNC(=O)Nc1ccc(-c2nc3c(c(N4CCOC[C@@H]4C)n2)CCN(C2COC2)C3)cc1
DB0893,O=C(CN1CCC(CN2Cc3ccccc3C2=O)CC1)c1ccc(F)cc1
DB0894,Cc1cc(C(=O)Nc2cc(Oc3ccc4nc(NC(=O)C5CC5)cn4n3)ccc2C)n(C)n1
DB0895,N#Cc1c[nH]c2c(C(=O)N3CCN(CCc4ccc(F)cc4)CC3)cccc12
DB0896,C[C@@H](C1CC1)N1Cc2cc(-c3cc(C(=O)N(C)C)no3)cc(Cl)c2C1=O
DB0897,C[C@H]1C[C@H]2[C@@H]3CCC4=CC(=O)C=C[C@]4(C)[C@@]3(F)C(=O)C[C@]2(C)[C@@]1(O)C(=O)CCl
DB0898,C[C@H](CSC(=O)c1ccccc1)C(=O)N1C[C@@H](Sc2ccccc2)C[C@H]1C(=O)O
DB0899,O=C(Nc1c(Br)cc(Br)cc1CN[C@H]1CC[C@H](O)CC1)c1cccs1
DB0900,c1ccc2c(c1)CCc1ccccc1N2C1CN2CCC1CC2
DB0901,O=C(O)c1ccccc1C(=O)Nc1ccc(S(=O)(=O)Nc2nccs2)cc1
DB0902,COc1ccc(C2(c3ccc(OC)cc3)NC(=O)N(CCN3CCCCC3)C2=O)cc1
DB0903,CCOC(=O)COc1ccc2c(C)c(CCN(CC)CC)c(=O)oc2c1
DB0904,CN1CCC(=C2c3ccccc3Sc3ccccc32)CC1
DB0905,CNCCc1ccc(OC(=O)C(C)C)c(OC(=O)C(C)C)c1
DB0906,CN[C@H]1CCc2cc(OC)c(OC)c(OC)c2-c2ccc(OC)c(=O)cc21
DB0907,COc1ccc(C(=O)NCc2cccnc2)cc1C(=O)NCc1cccnc1
DB0908,CN(C)CCn1nc(Cc2ccccc2)c2ccccc2c1=O
DB0909,CCN1CCCC(OC(=O)C(c2ccccc2)c2ccccc2)C1
DB0910,CCOC(=O)COc1ccc2c(C)c(CCN(CC)CC)c(=O)oc2c1Cl
DB0911,CC[N+]1(CC)CCC(OC(=O)C(O)(c2ccccc2)c2ccccc2)C1
DB0912,C[n+]1c2cc(N)ccc2cc2ccc(N)cc21.Nc1ccc2cc3ccc(N)cc3nc2c1.[Cl-]
DB0913,CC[C@H]1CN2CCc3cc(OC)c(OC)cc3[C@@H]2C[C@@H]1C[C@H]1NCCc2cc(OC)c(OC)cc21
DB0914,CN(CC1(C)CCCO1)S(=O)(=O)c1ccc(Cl)c(S(N)(=O)=O)c1
DB0915,COc1cc(C(=O)NC2CCCNC2)cc(OC)c1OC
DB0916,CN1[C@@H]2CCC(C)(C)[C@@H]1C[C@H](OC(=O)C(O)(c1cccs1)c1cccs1)C2
DB0917,CN1CC[C@]23c4c5ccc(OC(=O)c6cccnc6)c4O[C@H]2[C@@H](OC(=O)c2cccnc2)C=C[C@H]3[C@H]1C5
DB0918,COc1ccc2c3c1O[C@H]1C(OC(C)=O)=CC[C@H]4[C@@H](C2)N(C)CC[C@]314
DB0919,COC(=O)Nc1nc2cc(C(=O)C3CC3)ccc2[nH]1
DB0920,CCN1[C@@H]2CC[C@H]1C[C@@H](OC(c1ccccc1)c1ccccc1)C2
DB0921,CN(C(=O)/C=C/c1ccoc1)[C@@H]1CC[C@@]2(O)[C@H]3Cc4ccc(O)c5c4[C@@]2(CCN3CC2CC2)[C@H]1O5
DB0922,C[N+]1(C)CCCC1COC(=O)C(O)(c1ccccc1)c1ccccc1
DB0923,COc1cc(N)c(Cl)cc1C(=O)NC1CCN(Cc2ccccc2)CC1
DB0924,CN1C[C@H](CNC(=O)OCc2ccccc2)C[C@@H]2c3cccc4c3c(cn4C)C[C@H]21
DB0925,O=C(NC(Cc1ccccc1)c1ccccc1)c1cccnc1
DB0926,NS(=O)(=O)c1cc2c(cc1Cl)NC(CC1CCCC1)NS2(=O)=O
DB0927,Oc1c(Br)cc(Br)c2cccnc12
DB0928,C[N+]1(C)CCCCC1COC(=O)C(O)(c1ccccc1)c1ccccc1
DB0929,O=C(CCCN1CCC(O)(c2cccc(C(F)(F)F)c2)CC1)c1ccc(F)cc1
DB0930,Cc1ccc(C2(O)CCN(CCCC(=O)c3ccc(F)cc3)CC2)cc1
DB0931,O=C(O)CCC(=O)Nc1ccc(S(=O)(=O)Nc2nccs2)cc1
DB0932,CS(=O)(=O)c1ccc2c(c1)N(CCCN1CCC(C(N)=O)CC1)c1ccccc1S2
DB0933,CCN(CC)CCCOC(=O)C1(c2ccccc2)C[C@@H]2CC[C@H]1C2
DB0934,CCOc1ccc2[nH]c(SCCN3CCOCC3)nc2c1
DB0935,O=C1NC2CCCCN2C12CCN(CCCN1c3ccccc3CCc3ccc(Cl)cc31)CC2
DB0936,O=C(OCCN1CCCCC1)C1(C2CCCCC2)CCCCC1
DB0937,CC(CCN1CCN(c2ccc(F)cc2)CC1)NC(=O)c1cccnc1
DB0938,COc1cc(C[C@@H]2NCCc3cc(O)c(O)cc32)cc(OC)c1OC
DB0939,CC[N+](C)(CC)CCOC(=O)C(O)(c1cccs1)C1CCCC1
DB0940,CC[C@H]1C[N@]2CC[C@H]1C[C@H]2[C@H](O)c1ccnc2ccc(OC)cc12
DB0941,O=C(OCCN1CCCCCC1)C(c1ccsc1)C1CCCCC1
DB0942,COCCCOc1ccnc(C[S@@](=O)c2nc3ccccc3[nH]2)c1C
DB0943,C[N+](C)([O-])CCCN1c2ccccc2CCc2ccccc21
DB0944,Cc1ccc2c(c1)[C@]13CCCC[C@@H]1[C@H](C2)N(C)CC3
DB0945,C[N+]1(C)[C@@H]2CC[C@H]1C[C@@H](OC(=O)C(CO)c1ccccc1)C2
DB0946,CC[N+]1(C)CCCC(OC(=O)C(O)(c2ccccc2)c2ccccc2)C1
DB0947,CC(C)(O)CNc1nc(Nc2ccnc(C(F)(F)F)c2)nc(-c2cccc(C(F)(F)F)n2)n1
DB0948,COc1ccc2c3c([nH]c2c1)C(C)=NCC3
DB0949,COc1cc(Br)c2oc(C3CCNCC3)cc2c1
DB0950,Cc1ccc(C(=O)OCc2ccc([C@@H](CN)C(=O)Nc3ccc4cnccc4c3)cc2)c(C)c1
DB0951,N#Cc1ccc(N2[C@@H]3CC[C@H]2C[C@@H](O)C3)c2ccccc12
DB0952,CN(C)[C@H]1C[C@@H](C(C)(C)CO)Nc2ccc([N+](=O)[O-])cc21
DB0953,Cc1c(N[C@@H](c2nnc(-c3ccc(C#N)cc3)o2)[C@H](C)O)ccc(C#N)c1Cl
DB0954,CCCCCCCCCC[N+](C)(C)CCCCCCCC.[Cl-]
DB0955,NC(=O)C1CCCc2c1[nH]c1ccc(Cl)cc21
DB0956,CC1CCN(CC[C@H]2CCCN2S(=O)(=O)c2cccc(O)c2)CC1
DB0957,CCCN(CCC)CCc1c[nH]c2cccc(O)c12
DB0958,CCOC(=O)N1CCC(CN(Cc2ccc(Cl)cc2)Cc2ccc([N+](=O)[O-])s2)C1
DB0959,NC1CCN(c2c(F)cc3c(=O)c(C(=O)O)cn(C4CC4)c3c2Cl)C1
DB0960,N#Cc1ccc(-c2cc(C3CC4CCC3N4)cnc2F)cc1
DB0961,O=C1NC(=O)C(Cc2ccc3c(c2)CC[C@H](Cc2ccccc2)O3)S1
DB0962,CC(=O)C[C@@H](c1ccccc1)c1c(O)c2ccccc2oc1=O
DB0963,CS(=O)(=O)Nc1ccc([N+](=O)[O-])cc1OC1CCCCC1
DB0964,N[C@H]1CC[C@@H](c2ccc(Cl)c(Cl)c2)c2ccccc21
DB0965,CCC(C)OC(=O)N1CCCCC1CCO
DB0966,O=C(O)CN1C(=O)[C@@H](N[C@@H](CCc2ccccc2)C(=O)O)CCc2ccccc21
DB0967,COc1cc(C[C@H](C)[C@H](C)Cc2ccc3c(c2)OCO3)ccc1O
DB0968,CC(O)COC(=O)O[C@@H]1C[C@H](C)CC[C@H]1C(C)C
DB0969,S=C(SSC(=S)N1CCCCC1)N1CCCCC1
DB0970,c1ccc2sc(SNC3CCCCC3)nc2c1
DB0971,O=C(O)[C@@H]1C[C@@H](C2CCCCC2)CN1C(=O)CP(=O)(O)CCCCc1ccccc1
DB0972,C[C@H](N[C@@H](CCc1ccccc1)C(=O)O)C(=O)N1[C@H](C(=O)O)C[C@@H]2CCC[C@@H]21
DB0973,C[C@H](N[C@@H](CCc1ccccc1)C(=O)O)C(=O)N1[C@H](C(=O)O)C[C@H]2CCCC[C@@H]21
DB0974,COc1cc2c(cc1OC)CN(C(=O)[C@H](C)N[C@@H](CCc1ccccc1)C(=O)O)[C@H](C(=O)O)C2
DB0975,C[C@H](N[C@@H](CCc1ccccc1)C(=O)O)C(=O)N1Cc2ccccc2C[C@H]1C(=O)O
DB0976,CCC(=O)O[C@]1(C(=O)COC(C)=O)CC[C@H]2[C@@H]3CCC4=CC(=O)CC[C@]4(C)[C@H]3[C@@H](O)C[C@@]21C
DB0977,CCCC(=O)O[C@]1(C(=O)CO)CC[C@H]2[C@@H]3CCC4=CC(=O)CC[C@]4(C)[C@H]3[C@@H](O)C[C@@]21C
DB0978,C[C@]12CCC(=O)C=C1CC[C@@H]1[C@@H]2[C@@H](O)C[C@@]2(C)[C@H]1CC[C@]2(O)C(=O)COC(=O)CCC1CCCC1
DB0979,CCCC(=O)O[C@]1(C(=O)COC(=O)CC)CC[C@H]2[C@@H]3CCC4=CC(=O)CC[C@]4(C)[C@H]3[C@@H](O)C[C@@]21C
DB0980,C[C@]12CCC(=O)C=C1CC[C@@H]1[C@@H]2[C@@H](O)C[C@@]2(C)[C@H]1CC[C@]2(O)C(=O)COC(=O)CCC(=O)O
DB0981,CC(=O)OCC(=O)[C@@]1(O)[C@@H](C)C[C@H]2[C@@H]3CCC4=CC(=O)C=C[C@]4(C)[C@H]3C(=O)C[C@@]21C
DB0982,CC(C)(C)CC(=O)OCC(=O)[C@@]1(O)CC[C@H]2[C@@H]3CCC4=CC(=O)C=C[C@]4(C)[C@H]3[C@@H](O)C[C@@]21C
DB0983,C[C@]12C=CC(=O)C=C1CC[C@@H]1[C@@H]2[C@@H](O)C[C@@]2(C)[C@H]1CC[C@]2(O)C(=O)COC(=O)CCC(=O)O
DB0984,CCC(=O)O[C@]1(C(=O)COC(C)=O)CC[C@H]2[C@@H]3C[C@H](C)C4=CC(=O)C=C[C@]4(C)[C@H]3[C@@H](O)C[C@@]21C
DB0985,C[C@H]1C[C@@H]2[C@H]([C@@H](O)C[C@@]3(C)[C@H]2CC[C@]3(O)C(=O)COC(=O)CCC(=O)O)[C@@]2(C)C=CC(=O)C=C12
DB0986,CC(=O)OCC(=O)[C@@]1(O)CC[C@H]2[C@@H]3CCC4=CC(=O)C=C[C@]4(C)[C@H]3C(=O)C[C@@]21C
DB0987,CC(=O)OCC(=O)[C@@]12OC(C)(C)O[C@@H]1C[C@H]1[C@@H]3C[C@H](F)C4=CC(=O)C=C[C@]4(C)[C@H]3[C@@H](O)C[C@@]12C
DB0988,CN1CC[C@@]23CCCC[C@@H]2[C@@H]1Cc1ccc(O)cc13
DB0989,CCC(C)(C)C(=O)O[C@H]1C[C@@H](C)C=C2C=C[C@H](C)[C@H](CC[C@@H](O)C[C@@H](O)CC(=O)O)[C@H]21
DB0990,C1CCN2C[C@@H]3C[C@@H](CN4CCCC[C@@H]34)[C@@H]2C1
DB0991,N#CC1(c2ccc(NC(=O)c3cccnc3NCc3ccncc3)cc2)CCCC1
DB0992,C=CC(=O)N1C[C@H](COc2nc(Nc3cnn(C)c3)nc3[nH]cc(Cl)c23)[C@@H](OC)C1
DB0993,Nc1cncc(-c2cn3ccnc3c(Nc3ccc(N4CCN(C5COC5)CC4)cc3)n2)n1
DB0994,CCN1CCC(Oc2c(C#N)ncc3[nH]c4ncccc4c23)CC1
DB0995,COc1cc2ncnc(Nc3cccc(Cl)c3F)c2cc1OC(=O)N1CCN(C)C[C@H]1C
DB0996,COc1cc(C)[nH]c(=O)c1CN1CCc2c(Cl)cc([C@H](OC)C3COC3)c(Cl)c2C1=O
DB0997,O=c1nc(N2CCN(CC3CCCCC3)CC2)sc2c([N+](=O)[O-])cc(C(F)(F)F)cc12
DB0998,O=C(CN1CCOCC1)Nc1ccc(OC2CCN(C3CCC3)CC2)cc1
DB0999,O=C(N[C@@H]1C2CCN(CC2)[C@H]1Cc1cccnc1)c1cc(F)cc(F)c1
DB1000,CCCSc1nc(N2CCC[C@@H](CC(=O)O)C2)ccc1C(=O)NC1CCCCC1
DB1001,CCc1cc(C(N)=O)ccc1-n1nc(C(C)C)c2c(-n3cnc(-c4cnn(C)c4)c3)ccnc21
DB1002,Cc1cc(C)cc(C(=O)c2c(C(C)C)c(=O)[nH]c(=O)n2CC2CC2)c1
DB1003,O=C(Nc1ccc(C[C@@H]2CC[C@H]([C@H](O)c3ccccc3)N2)cc1)[C@@H]1CCc2nccc(=O)n21
DB1004,O=C(NC[C@H](O)CO)c1ccncc1Nc1ccc(I)cc1F
DB1005,[18F]c1ccc(-c2ccc3c(c2)[nH]c2ccncc23)cn1
DB1006,Cc1cc(F)c(C(=O)Nc2cccc(-c3nncn3C(C)C)n2)cc1-n1cnc(C2CC2)c1
DB1007,C[C@@H]1COCCN1c1cc(C2([S@](C)(=N)=O)CC2)nc(-c2cncc3[nH]ccc23)n1
DB1008,Cc1cc(C)nc(N2C[C@H]3CN(C(=O)c4c(F)cccc4-n4nccn4)C[C@H]3C2)n1
DB1009,Cc1noc(C)c1-c1cc(C(O)(c2ccccn2)c2ccccn2)c2nc(C3CC3)[nH]c2c1
DB1010,O=C(O)[C@H]1C2CCC(CC2)[C@@H]1Nc1nc(-c2c[nH]c3ncc(F)cc23)ncc1F
DB1011,COCc1nn2c(CN3C[C@@H](CC(F)(F)Cl)CC3=O)c(C(F)(F)F)nc2s1
DB1012,Cn1cc(Nc2nccc(N3C[C@H]4CC[C@@H](C3)N4C(=O)[C@@H]3CC3(F)F)n2)cn1
DB1013,O=C(c1ccc2nonc2c1)N1CCCCC1
DB1014,C[C@@H](Nc1cc(F)cc(F)c1)c1cc(C(=O)N(C)C)cc2c(=O)cc(N3CCOCC3)oc12
DB1015,Fc1ccc(-c2ccc3c(c2)[nH]c2ccncc23)cn1
DB1016,c1ccc2cc(COC3CCNCC3)ccc2c1
DB1017,O=C(c1cc(S(=O)(=O)Nc2ccccc2F)c(F)cc1Cl)N1CCN2CCC[C@@H]2C1
DB1018,Cn1c(=O)oc2cc(-n3cc(C(=O)O)c(=O)n([C@@H]4CCc5c4cccc5C(F)(F)F)c3=O)ccc21
DB1019,CCN1C(=O)N(c2c(F)c(OC)cc(OC)c2F)Cc2cnc3[nH]c(CN4CCOCC4)cc3c21
DB1020,Cc1cc2cc(Oc3ccnc(Nc4cccc(CS(=O)(=O)NCCN(C)C)c4)n3)ccc2[nH]1
DB1021,CCc1noc(CC)c1C(=O)O[C@H]1C(C)=C[C@]23C(=O)[C@@H](C=C(CO)[C@@H](O)[C@]12O)[C@H]1[C@@H](C[C@H]3C)C1(C)C
DB1022,O=C(O)Cc1nn(Cc2nc3cc(C(F)(F)F)ccc3s2)c(=O)c2nccnc12
DB1023,CC[C@@H]1[C@H](F)C(=O)N[C@@H]1COc1nccc2cc(C(N)=O)c(OC)cc12
DB1024,CC(C)C(=O)OC[C@@]1(N=[N+]=[N-])O[C@@H](n2ccc(N)nc2=O)[C@@H](C)[C@@H]1OC(=O)C(C)C
DB1025,O=C(Nc1cnccc1Cl)N1CCN(Cc2ccc3c(c2)OC(F)(F)O3)CC1
DB1026,CC(C)N1C[C@@H]2C[C@H]1CN2c1ccc(Nc2ncc(-c3coc(C(N)=O)c3)n3ncnc23)cc1
DB1027,COc1cc(F)ccc1-c1c(C)sc2cnc(Nc3cnn(C4CCNCC4)c3)nc12
DB1028,CNC(=O)[C@@H](Cc1ccccc1F)CN1CCC2(CC1)OCCc1cc(F)sc12
DB1029,CCCCCC[C@@H]1CCc2cc([C@H]3CC[C@](N)(CO)C3)ccc2C1
DB1030,C[C@@H]1CNS(=O)(=O)N(c2ccc3c(C#N)nccc3c2)C1
DB1031,Cc1ncccc1C(=O)N1CCN(S(=O)(=O)c2ccc(C(F)(F)F)cc2)C[C@@H]1C
DB1032,NC(=O)c1ccn(-c2cnc(NC[C@]3(c4ncccc4F)C[C@H](F)C3)nc2)c1
DB1033,CC(C)N1CCC(N2CCCN(c3cccc(C(=O)Nc4ccncc4)n3)CC2)CC1
DB1034,Cc1c(CN(C)C(=O)/C=C/c2cnc3c(c2)CCC(=O)N3COP(=O)(O)O)oc2ccccc12
DB1035,C[C@H](Nc1ccc2c(c1)OCCn1cc(N3C(=O)OC[C@H]3C(F)F)nc1-2)C(N)=O
DB1036,C[C@]12CC[C@H]3[C@@H](CCC4=CC(=O)CC[C@@H]43)[C@@H]1C[C@H]1O[C@@H](c3ccco3)O[C@]12C(=O)C[18F]
DB1037,NCCc1c[nH]c(=S)n1[C@H]1COc2c(F)cc(F)cc2C1
DB1038,C1=C/COCc2cc(ccc2OCCN2CCCC2)Nc2nccc(n2)-c2ccc(o2)COC/1
DB1039,CC[C@H]1C[N@]2CC[C@H]1C[C@@H]2[C@@H](O)c1ccnc2ccc(OC)cc12
DB1040,O=C(CCCCCCC(=O)Nc1ccc(CN[C@H](C(=O)OC2CCCC2)c2ccccc2)cc1)NO
DB1041,O=c1ccc2ccc(F)c3c2n1C[C@H]3CN1CCC(NCc2cc3c(nn2)OCCO3)CC1
DB1042,COc1ccc2cc(C(C)C(=O)Oc3ccc(C(N)=S)cc3)ccc2c1
DB1043,CNC(=O)c1cc(COc2nnc(Nc3ccc(Cl)cc3)c3ccoc23)ccn1
DB1044,C[C@@]1(C(=O)Nc2ccc(F)nc2)CCCN1c1nc(Nc2cc(C3CC3)[nH]n2)c2cccn2n1
DB1045,O=C(CCc1ccc(CN[C@H](C(=O)OC2CCCC2)C2CCCCC2)cn1)NO
DB1046,Cc1ccc(C(=O)NC2CC2)cc1-n1ncc(C(=O)c2cccc(C#N)c2)c1N
DB1047,O=C(CCCCCCNC(=O)c1cnc(N(c2ccccc2)c2ccccc2Cl)nc1)NO
DB1048,CCc1cc(Cl)c(OC)c(C(=O)NC[C@@H]2CCCN2CC)c1O
DB1049,COc1cc2c(c(OC)c1OC)-c1ccc(O)c(=O)cc1C(NC(C)=O)CC2
DB1050,COc1cc([C@H]2C3=C(COC3=O)Cc3cc4c(cc32)OCO4)cc(OC)c1OC
DB1051,Cn1c(=O)oc2ccc(-c3ccc(C[C@@H](C#N)NC(=O)[C@@H]4CNCCCO4)cc3)cc21
DB1052,COc1ccc(C(CC(N)=O)N2C(=O)c3ccccc3C2=O)cc1OC1CCCC1
DB1053,N#CCC1CCN(c2nc(Nc3ccc(N4CCC(O)CC4)cc3)c3c(=O)[nH]ncc3n2)CC1
DB1054,CC(C)C[C@H](NC(=O)OCc1ccccc1)C(=O)N[C@H](C=O)CC1CCNC1=O
DB1055,CCCCCC(=O)OCC(=O)[C@H]1[C@H](C)C[C@H]2[C@@H]3C[C@H](F)C4=CC(=O)C=C[C@]4(C)[C@H]3[C@@H](O)C[C@@]21C
DB1056,CN1C(C(=O)Nc2ccccn2)=C(OC(=O)/C=C/c2ccccc2)c2ccccc2S1(=O)=O
DB1057,O=C(OCCN1CCCCC1)C(O)(c1ccccc1)c1ccccc1
DB1058,NS(=O)(=O)c1cc(C(=O)NN2C[C@@H]3[C@@H]4CC[C@@H](C4)[C@@H]3C2)ccc1Cl
DB1059,NC(=O)CCCCC1CCSS1
DB1060,CN1CCC(OC(c2ccccc2)c2ccccc2)CC1.Cn1c(=O)c2[nH]c(Cl)nc2n(C)c1=O
DB1061,CCCCCC(=O)OCC(=O)[C@@]1(O)CC[C@H]2[C@@H]3CCC4=CC(=O)C=C[C@]4(C)[C@H]3[C@@H](O)C[C@@]21C
DB1062,CN1C[C@H]2CCC[C@@H](C1)C2OC(=O)[C@](O)(c1ccccc1)C1CCCC1
DB1063,COC(=O)c1cc(OC)c2c(c1-c1c(CO)cc(OC)c3c1OCO3)OCO2
DB1064,O=C1c2ccccc2S(=O)(=O)N1CCCCN1CCN(c2cc(Cl)cc3c2OCCO3)CC1
DB1065,Cc1cc(Cc2c(C)nn(CCC(=O)O)c2C)c2c(c1O)CCC2
DB1066,Cc1nn(-c2ncccc2CO)cc1CN1CCC2(CC1)OCC(F)(F)c1cc(Cl)sc12
DB1067,CC1(N)CCN(c2cccnc2NC(=O)c2nc(-c3ncccc3C(F)(F)F)cnc2N)CC1
DB1068,CC(C)c1cnn2c(NCc3ccccc3)cc(NC[C@H]3CCNC[C@@H]3O)nc12
DB1069,CNC1=Nc2ccc(Cl)cc2C(c2ccc[nH]2)=NC1
DB1070,CCc1cc(F)c2nc(N3CCC(NC4CCOCC4)CC3)c(-c3nc(C)no3)c(C)c2c1
DB1071,Cc1nc(N2CCN(C)CC2)c2nc(-c3ccccc3Cl)n(C3CCOCC3)c2n1
DB1072,CO[C@@H]1[C@H](OC(=O)N2CC(CCN3CCOCC3)C2)CC[C@]2(CO2)[C@H]1[C@@]1(C)O[C@@H]1CC=C(C)C
DB1073,C[C@H]1[C@H](N2CCS(=O)(=O)CC2)O[C@@H]2O[C@@]3(C)CC[C@H]4[C@H](C)CC[C@@H]1[C@@]24OO3
DB1074,O=C(O)c1ccc(C2(NC(=O)C3CC4(CCN3Cc3ccc(C(F)(F)F)cc3)CC4)CC2)cc1
DB1075,Cc1cc(O)c(O)cc1C(=O)OC[C@H](CNC(C)(C)CNC(=O)C1CCOC1)OC(=O)C1(C)CC1
DB1076,N#C[C@@H]1C[C@H](F)CN1C(=O)[C@@H](N)C(c1ccc(F)cc1)c1ccc(F)cc1
DB1077,Oc1cc2c(cc1O)[C@H]1c3ccccc3CN[C@@H]1CC2
DB1078,C[Si](C)(C)c1cc([Si](C)(C)C)c(NC(=O)c2c[nH]c3ccccc3c2=O)cc1O
DB1079,Cc1nn(C)cc1CN1CCC(c2ccc(C(=O)Nc3ccccc3N)cc2)CC1
DB1080,O=c1nc(NCc2ccc(Cl)c(Cl)c2)[nH]c2ncn(CCN3CCOCC3)c12
DB1081,COc1cc(Nc2ncc(C)c(Nc3ccc4oc(=O)[nH]c4c3)n2)cc(C)c1F
DB1082,C[C@@H]1CN(Cc2ncccn2)C[C@H]1c1cn2c(C3CCOCC3)ncc2c(=O)[nH]1
DB1083,CCO[C@H]1CCN(Cc2c(OC)cc(C)c3[nH]ccc23)[C@H](c2ccc(C(=O)O)cc2)C1
DB1084,NC(=O)NC[C@@H]1CCCc2cc(S(=O)(=O)c3cccc(F)c3)ccc21
DB1085,CC(C)CCNc1ncccc1C(=O)N1CCN(Cc2ccccc2)CC1
DB1086,O=C(c1ccc(NS(=O)(=O)c2cccc3cccnc23)cc1)N1CCN(CC2CC2)CC1
DB1087,CN1C(=O)C(F)=C[C@]2(C)[C@H]3CC[C@]4(C)[C@@H](C(=O)NCc5nc6ncccc6[nH]5)CC[C@H]4[C@@H]3CC[C@@H]12
DB1088,Cc1cc(C(=O)Nc2nc3cccc(Cl)c3n2[C@@H]2CCCCN(C(=O)/C=C/CN(C)C)C2)ccn1
DB1089,COc1ccc([C@@H](O)c2cc(-c3ncnc4cc(N5CCOCC5)ccc34)c(F)cc2Cl)nn1
DB1090,CC(C)N1CCN(Cc2cnc(-c3cc(-c4cccc5[nH]ccc45)cc4[nH]ncc34)o2)CC1
DB1091,C[C@H](CC(=O)O)[C@H]1CC[C@H]2[C@@H]3[C@@H](O)C[C@@H]4C[C@H](O)CC[C@]4(C)[C@H]3CC[C@]12C
DB1092,O=c1[nH]c(Cc2ccccn2)nc2c1cnn2C1CCOCC1
DB1093,OC(COC1CN2CCC1CC2)(c1ccccc1)C1CCCC1
DB1094,C=CC(=O)Nc1cccc(Oc2nc(Nc3ccc(N4CCN(C)CC4)cc3)nc3ccoc23)c1
DB1095,COCCC(=O)N[C@H]1CC[C@H](CCN2CCN(c3cccc(C#N)c3)CC2)CC1
DB1096,Cc1n[nH]cc1-c1cc2nc([C@@H]3CC4CCN3CC4)[nH]c(=O)c2s1
DB1097,O=C1c2cc3nnn(CCc4cccc(F)c4)c(=O)c3cc2OCN1C1CC1
DB1098,COc1cc(C(=O)c2c[nH]c(-c3c[nH]c4ccccc34)n2)cc(OC)c1OC
DB1099,Cc1c(-c2[nH]c3ccc(C4CCN(CC(N)=O)CC4)cc3c2C(C)C)cn2ncnc2c1C
DB1100,CCCCCCCCCCCCCC[N+](C)(C)Cc1ccccc1.[Cl-]
DB1101,CN1C/C=C/CCOc2cccc(c2)-c2ccnc(n2)Nc2cccc(c2)C1
DB1102,Cc1cc(Nc2cc3ncccc3c(N[C@@H]3C[C@H]4CC[C@@H](C3)N4CCC#N)n2)n[nH]1
DB1103,Cc1nc2cc(C(=O)N(C)C)cc(O[C@H]3CCOc4cc(F)cc(F)c43)c2[nH]1
DB1104,CC(C)(C)[C@H](NC(=O)C(F)(F)F)C(=O)N1C[C@H]2[C@@H]([C@H]1C(=O)N[C@H](C#N)C[C@@H]1CCNC1=O)C2(C)C
DB1105,O=C(O)Cc1nn(Cc2nc3cc(C(F)(F)F)ccc3s2)c(=O)c2cscc12
DB1106,Cc1ccn(-c2nc(NC3CCC(F)(F)CC3)cc(N3CCOCC3)n2)n1
DB1107,NCc1cc(Oc2cccc(C(=O)N3C[C@@H](O)[C@H](F)C3)c2)nc(C(F)(F)F)c1
DB1108,CC(C)(C)c1ccc(S(=O)(=O)NCc2ccc(C(=O)Nc3cccnc3)cc2)cc1
DB1109,O=C1Nc2ccc(CN3C(=O)CSC3=O)cc2/C1=C/c1cc(CN2CCOCC2)c[nH]1
DB1110,Cn1cc2cc(C(F)(F)c3nnc4ccc(-c5cnn(C6CC6)c5)nn34)c(F)cc2n1
DB1111,C=C[C@H]1CN2CC[C@H]1C[C@H]2[C@H](O)c1ccnc2ccccc12
DB1112,CNC(=O)c1cc(Oc2ccc3nc(N[C@@H]4CCCC[C@H]4O)sc3c2)ccn1
DB1113,NC1CCC(CN[C@@H]2C[C@H]2c2ccccc2)CC1
DB1114,Cn1cc(-c2nc(N[C@@H]3CCCC[C@@H]3N)c(F)c3c2C(=O)NC3)cn1
DB1115,NC1CCN(c2nc3c(cc2F)c(=O)c(C(=O)O)cn3-c2ccc(F)cc2F)C1
DB1116,N#CC(c1ccnc(OCc2ccc(CN3CCOCC3)cc2)n1)c1nc2ccccc2s1
DB1117,CN1C(=O)[C@@H](NC(=O)c2n[nH]c(Cc3ccccc3)n2)COc2ccccc21
DB1118,N#Cc1cnc(Nc2cc(NC[C@H]3CNCCO3)c(C(F)(F)F)cn2)cn1
DB1119,CCOc1ccc2c(-c3cccc(F)c3)nn(CC(=O)N(C)c3ccc4nc(C)oc4c3)c(=O)c2c1
DB1120,C[C@H](Nc1ncnc2[nH]cnc12)c1cc2ccc(F)cc2nc1-c1ccccn1
DB1121,COc1cc(C[C@H]2C(=O)OC[C@@H]2Cc2ccc(OC)c(OC)c2)ccc1O
DB1122,CCCCCCCCNC(=N)NC(=N)NCc1ccc(Cl)c(Cl)c1
DB1123,NC(=O)c1ccc(OCCCN2CC3CCCC3C2)cc1
DB1124,O=C(O)c1ccc(CN2CCC(CN[C@@H]3C[C@H]3c3ccccc3)CC2)cc1
DB1125,c1ccc2c(c1)CCC[C@H]2Nc1nc2ccccc2[nH]1
DB1126,COC(=O)[C@H]1[C@@H](c2ccc(I)cc2)C[C@@H]2CC[C@H]1N2CCC[18F]
DB1127,CN1CCc2cccc3c2[C@@H]1Cc1ccc(O)c(O)c1-3
DB1128,Nc1nc(N)c2c(OCC3CCN(Cc4c(Cl)cccc4Cl)CC3)cccc2n1
DB1129,O=C(NC1CCOCC1)c1csc([C@@H]2C[C@H]2NCC2CC2)c1
DB1130,CC(C)CN(CCCN1CCN(CCCNc2nc3ccccc3[nH]2)CC1)CC(C)C
DB1131,COC(=O)N1CCC[C@H](NS(C)(=O)=O)[C@@H]1CO[C@H]1CC[C@@H](c2ccccc2)CC1
DB1132,CN(C(=O)Cc1cccc2occc12)[C@H]1CC[C@@]2(CCCO2)C[C@@H]1N1CCCC1
DB1133,Cc1c2ccncc2c(C)c2c1[nH]c1ccccc12
DB1134,O=[N+]([O-])c1ccc(-c2nc(-c3ccc(F)cc3)c(-c3ccncc3)[nH]2)cc1
DB1135,Cn1c(=O)c(-c2c(Cl)cccc2Cl)cc2c[nH]c(=Nc3ccc(N4CCOCC4)cc3)nc21
DB1136,OC1=NCCc2[nH]c(-c3ccncc3)cc21
DB1137,O=C1NC(=O)c2c1c1c3ccccc3n3c1c1c2c2ccccc2n1C1CCC3O1
DB1138,O=C(CCCN1CCC2(CC1)C(=O)NCN2c1ccccc1)c1ccc(F)cc1
DB1139,CCS(=O)(=O)Nc1ccc2c(c1)nc(C(C)(C)C)n2CC1CCC(F)(F)CC1
DB1140,COc1ccc2c(n1)C(=O)O[C@]21CC[C@H](C(=O)N(C)CCN2CCCCC2)CC1
DB1141,C[C@H]1C[C@@H](N2C(=N)N[C@](C)(c3cccc(NC(=O)c4cccc(C#N)c4)c3Cl)CC2=O)CCO1
DB1142,CC1(C)CC[C@H](Nc2ncc(C(F)(F)F)c(-c3c[nH]c4c(P(C)(C)=O)c(C#N)ccc34)n2)CN1
DB1143,O=C(c1cc(Cc2n[nH]c(=O)c3ccccc23)ccc1F)N1CC(CNC2CC2)C1
DB1144,Cc1cc(NCCCN(C)C)nc(NC(=O)Nc2ccc(Cl)c(Cl)c2)n1
DB1145,CC(=O)N1CC(F)(F)c2c(Sc3ncc(N4CCC5(CC4)COC[C@H]5N)nc3N)cccc21
DB1146,CN(C)CC(=O)N1CCC(c2ccc(NC(=O)c3nc(C#N)c[nH]3)c(C3=CCCCC3)c2)CC1
DB1147,CC[C@@]1(O)C(=O)OCc2c1cc1n(c2=O)C(OCCO)c2cc3ccccc3nc2-1
DB1148,C#Cc1cccc(Nc2ncnc3cc(OC)c(O[C@@H]4CCN(C)CC4(F)F)cc23)c1F
DB1149,CN1CCN(c2cc(C(=O)Nc3cc4cc(-c5cnn(C)c5)ccc4cn3)ccn2)CC1
DB1150,Cc1[nH]nc2c1N=C(c1ccccc1Cl)c1cnc(N3CCOCC3)cc1N2
DB1151,O=C(CC1(O)C(O)=Nc2c(Cl)ccc(Cl)c21)c1ccc(C2CC2)cc1
DB1152,CC(=O)c1c(C)c2cnc(Nc3ccc(C4CCNCC4)cn3)nc2n(C2CCCC2)c1=O
DB1153,CS(=O)(=O)N1CCC(c2ccc(-c3cc4nccnc4c(NC[C@@H]4CNCCO4)n3)cc2)CC1
DB1154,O=C(NCc1ncccc1F)c1coc(CCNCCc2nc3ccccc3[nH]2)n1
DB1155,Cc1oc2c(C)c3oc(=O)cc(C)c3cc2c1COCCN
DB1156,CCN(CC)CCCNc1ccnc2cc(Cl)ccc12.Cl.Cl
DB1157,CCN(CC)CCCNc1ccnc2cc(Cl)ccc12
DB1158,COCCO[C@@H]1c2ccn3c(C)c(C)nc3c2N[C@H](c2ccccc2)[C@H]1O
DB1159,COc1cc(/C=N/NC(=O)C(OC)c2ccc(-n3cccn3)cc2)cc(OC)c1Br
DB1160,O=C(O)[C@H]1O[C@H]2O[C@@H]1C(=O)N(Cc1ccccc1)[C@@H]2Cc1ccccc1
DB1161,Cn1ncc(-c2ccc3c(=O)[nH]nc(CN)c3c2)c1-c1c(F)c(Cl)cc(OC2CC2)c1C#N
DB1162,O[C@H]1CCCN[C@@H]1CCCn1cnc2c(Cl)c(Cl)ccc21
DB1163,CN1CCN(c2ccc(-c3ccn4c(-c5ccnc6cccnc56)cnc4c3)cc2)CC1
DB1164,CC(=O)c1c(C)c2cnc(N[C@@H]3CCOC[C@H]3O)cc2n(C2CCCC2)c1=O
DB1165,CC(CCC(=O)O)C1CCC2C3C(O)C(O)C4CC(O)CCC4(C)C3CC(O)C12C
DB1166,c1ccc2c(-c3cnn4cc(-c5ccc(N6CCNCC6)cc5)cnc34)ccnc2c1
DB1167,COc1nn(C)cc1Nc1nccc(-c2c[nH]c3c(NC(=O)[C@@H](C)N4CCN(C)CC4)cccc23)n1
DB1168,C[C@]1(O)CC[C@H](NS(=O)(=O)c2ccc(-c3ccc(Cl)cc3C#N)cc2)CC1
DB1169,Cc1cc(CNc2[nH]nc(Nc3ccc(N4CCOCC4)cc3)c2C(N)=O)cc(C)c1O
DB1170,O=C(O)c1nn[nH]c1O[C@H]1CC[C@H](c2ccc(OC(F)(F)F)cc2)CC1
DB1171,CC(C)n1c(C2CCNCC2)nc2c([N+](=O)[O-])c(Br)c(Br)cc21
DB1172,Cn1c(Nc2ccc(I)cc2F)c(C(=O)NOCCO)c2cccnc21
DB1173,CN1CC[C@H](c2c(OP(=O)(O)O)cc(O)c3c(=O)cc(-c4ccccc4Cl)oc23)[C@H](O)C1
DB1174,CC(C)(C)c1ccc(-c2nc3ccccc3[nH]2)cc1
DB1175,CCOc1cc2c(=O)oc(-c3ccccc3SC)nc2cc1OC
DB1176,Fc1cc(-c2ccc3c(n2)[nH]c2ccncc23)ccn1
DB1177,COCc1nn(Cc2ccc(Cn3ccccc3=O)cc2)cc1C(=O)NCc1nccc(OC)c1F
DB1178,Cc1cc(C)c(CNC(=O)c2cc(Cl)c3c(c2C)O[C@@](C)([C@H]2CC[C@H](N(C)C)CC2)O3)c(=O)[nH]1
DB1179,Fc1ccccc1Cc1nc(-c2nc(C(F)(F)F)n[nH]2)cn2ccnc12
DB1180,O=C1CC[C@H](N2C(=O)c3cccc4c(Cc5ccc(CN6CCOCC6)cc5)ccc2c34)C(=O)N1
DB1181,COc1cc(CCc2cc(NC(=O)c3ccc(N4C[C@@H](C)N[C@@H](C)C4)cc3)n[nH]2)cc(OC)c1
DB1182,c1cc2nc(c1)CN[C@H]1CCCC[C@@H]1NCCN[C@H]1CCCC[C@@H]1NC2
DB1183,O=C(O)CCCCCCCNC(=O)c1ccccc1O
DB1184,CCC(CC)c1cc(C)nc2c(-c3nc(N4CCOCC4)sc3Cl)c(C)nn12
DB1185,Cc1cc(C)c2c(n1)CN(C(=O)CC1CN(c3ccnc(C(F)(F)F)c3)C1)C2
DB1186,Cn1cc(-c2cn3nccc3c(-c3cnn([C@]4(CC#N)C[C@@H](C#N)C4)c3)n2)cn1
DB1187,C=CC(=O)N1CCC[C@@H](n2c(=O)n(-c3ccc(Oc4ccccc4)cc3)c3c(N)nccc32)C1
DB1188,Cc1nn(-c2ccnc(Nc3ccc4c(c3)c(C(=O)C3CC3)cn4C)n2)cc1CN1C[C@H](O)CO1
DB1189,COc1cc2c3c(n(CCCN4CCOCC4)c(=O)c2cc1OC)-c1cc2c(cc1C3=O)OCO2
DB1190,Cc1c(-c2ccnc(C(F)(F)F)c2)ncn1CC(=O)Nc1ccc(-c2cnccn2)cn1
DB1191,CC(C)(O)c1cc2nn(CCS(C)(=O)=O)cc2cc1NC(=O)c1cccc(C(F)(F)F)n1
DB1192,C[C@@H](NC(=O)N1C(=O)[C@H](Cc2ccnc(N)c2)[C@H]1C(=O)O)C1CCCCC1
DB1193,NC(=O)Cn1c(=O)cc(CCN2CCN(c3nccc4sccc34)CC2)c2ccc(F)cc21
DB1194,Cn1nccc1Nc1nccc(-c2cc3c(s2)C(C)(C)N(CCN2CCOCC2)C3=O)n1
DB1195,[2H]C([2H])([2H])C([2H])([2H])C([2H])([2H])OC(C(=O)OC1CCNCC1)(c1ccccc1)c1ccccc1
DB1196,Nc1ncc(-c2cnn(C3CCNCC3)c2)cc1-c1nnc(CC2CC2)o1
DB1197,CC(=O)N[C@@H]1CCC[C@H](C(=O)Nc2cc(-c3cnn4c3CC(C)(C)C4)c(Cl)cn2)C1
DB1198,C[C@H]1CN(C(=O)CC[C@@]2(C3CC3)NC(=O)NC2=O)CCN1c1cc(F)cc(F)c1
DB1199,[2H]C1([2H])C([C@@H](CC#N)n2cc(-c3ncnc4[nH]ccc34)cn2)C([2H])([2H])C([2H])([2H])C1([2H])[2H]
DB1200,C[C@H]1CN2CCNCc3ccc(C(=O)NCC(F)F)c1c32
DB1201,C[C@@H]1COCCN1c1cc([C@]2(O)C[C@H]3CC[C@@H](C2)O3)c2cnn(-c3cc[nH]n3)c2n1
DB1202,N#Cc1ccc2c(c1)[C@H]1CCCN(C(=O)c3ccc4[nH]cnc4c3)[C@H]1C2
DB1203,COc1c([C@H]2[C@H](C(=O)Nc3ccnc(C(N)=O)c3)O[C@@](C)(C(F)(F)F)[C@H]2C)ccc(F)c1F
DB1204,Cc1c(Cc2ccc(-n3cccn3)cc2)cc2c(c1F)CN([C@H]1COCC[C@@H]1O)C2=O
DB1205,O=C(O)c1nc2ccccc2n([C@H]2C[C@H]3CCC[C@@H](C2)N3C2C[C@H]3CCC[C@H](C2)C3)c1=O
DB1206,CC(=O)N1CCc2nc(N3CCC(Oc4ccc(F)cc4F)CC3)c(N[C@@H]3CCOC3)nc2C1
DB1207,CCCC[C@H](Cc1c[nH]c2ccccc12)NC(=O)c1cnc(N2CCN(C)CC2)s1
DB1208,Cn1cc(S(=O)(=O)[C@@](C)(F)C2CCN(C(=O)Nc3ccon3)CC2)c(C(F)F)n1
DB1209,OC[C@H]1O[C@@H](c2cc(Cc3ccc(C4CC4)cc3)c(Cl)c3c2CCO3)[C@H](O)[C@@H](O)[C@@H]1O
DB1210,Cc1nc(NC(=O)N2CCC(C)(C)C2=O)ccc1Oc1ccnc(-c2cnn(C)c2)c1
DB1211,O=C(c1cc(Br)c(O)c(Br)c1)N1CCOc2ccncc21
DB1212,N#C[C@H](C[C@@H]1CCCNC1=O)NC(=O)[C@H](CC1CC1)NC(=O)c1cc2cccc(Cl)c2[nH]1
DB1213,Cc1cc(-c2ccc(C(=O)[C@@H]3CCCC[C@H]3C(=O)Nc3cnn4c3C(=O)NCC4)cc2)[nH]n1
DB1214,C[C@H]1c2cccc(CCC(C)(C)O)c2C[C@H](CO)N1C(=O)Cc1c(Cl)cccc1Cl
DB1215,C[C@@H]1COCCN1c1cc(-c2ccnn2C)c2ccnc(-c3ccn[nH]3)c2n1
DB1216,COc1ncc(C)c(-c2ccc3c(c2)[nH]c(=O)c2cnn([C@H]4CCOC4)c23)c1C
DB1217,CCn1cc(C(=O)N2CCOCC2)c(=O)c2cc(NC3Cc4ccccc4C3)cnc21
DB1218,O=c1ccc2ccc(O[C@@H]3C[C@H]4CC[C@@H](C3)N4)cc2o1
DB1219,[2H]c1c([2H])c([2H])c2c([nH]c(=O)n2CCCN2CCC(n3c(=O)[nH]c4cc(Cl)ccc43)CC2)c1[2H]
DB1220,CCC(=O)N[C@@H]1CCCc2c(-c3ccc4c(c3)CCC(=O)N4C)cncc21
DB1221,COC(=O)NCCCn1nc([C@@H](C)N(C(=O)[C@H]2CNCCO2)C2CC2)c2ccc(C)nc21
DB1222,C[C@H]1Cc2c(nnn2-c2ncc(F)cn2)CN1C(=O)c1ccnc(C(F)(F)F)c1F
DB1223,COc1cc2c(-c3cnn4cc(N5CCC(N6CCN(C)CC6)CC5)cnc34)ccnc2cc1F
DB1224,CCc1[nH]nc(C(=O)Nc2ccc([C@H]3CNCCO3)cc2)c1C
DB1225,CO[C@H]1CCC[C@H]2C1=C(C(=O)OC(C)OC(=O)OC1CCCCC1)N1C(=O)[C@H]([C@@H](C)O)[C@@H]21
DB1226,C[C@@H]1OCC2(CCN(c3cnc(Sc4ccnc(N)c4Cl)c(N)n3)CC2)[C@@H]1N
DB1227,C[C@H]1CCN1c1nc(N2C[C@@H]3[C@@H](CC(=O)O)[C@@H]3C2)cc(C(F)(F)F)n1
DB1228,CCCN1CCC[C@@H](c2cccc(S(C)(=O)=O)c2)C1
DB1229,Cc1cc(-c2cnn3c(NC[C@H]4C[C@@](C)(O)C4)cc(Oc4cccnc4)nc23)ccc1C(=O)NC1CC1
DB1230,COc1ccc(NC(=O)[C@@H]2C[C@H](C)CC[C@H]2C(C)C)cc1
DB1231,CN(CCO)C(=O)c1ccc(C(=C2CCN(Cc3cscn3)CC2)c2cccc3cccnc23)cc1
DB1232,NC(=O)[C@H](Cc1c[nH]c2ccccc12)NC(=O)CNC(=O)CCCCCc1ccccc1
DB1233,C[C@@H]1CS/C(=N\NC(=O)C(=O)[C@@H](NC(=O)C2CCCCCC2)C2CCOCC2)N1C
DB1234,O=C(O)C1(Sc2ccnc3ccc(Br)cc23)CCC1
DB1235,Nc1c([18F])ccc2cnc(-n3ccc4ccncc43)cc12
DB1236,COC(=O)[C@H](c1ccccc1Cl)N1CCC(S)/C(=C\C(=O)O)C1
DB1237,O=C1CCC(N2Cc3cc(CNC(=O)C(F)(F)c4ccc(Cl)cc4)ccc3C2=O)C(=O)N1
DB1238,CNc1cc(Nc2cccn(-c3ccccn3)c2=O)nc2c(C(=O)N[C@@H]3CC[C@H]3OC)cnn12
DB1239,CNc1cc(OC)c(C(=O)N[C@@H]2CCN(Cc3ccccc3)[C@@H]2C)cc1Cl
DB1240,CCOC(=O)C[N+]1(C)CC[C@@H](OC(=O)[C@](O)(c2ccccc2)C2CCCC2)C1
DB1241,O=C(O)C[C@@H](c1ccc(OC(F)F)nc1)N1CCN(CCCc2ccc3c(n2)NCCC3)C1=O
DB1242,COc1ccc2c3c1O[C@H]1C[C@@H](OC(=O)c4ccccc4)C=C[C@@]31CCN(C)C2
DB1243,CCCCC[C@](C)(O)/C=C/[C@@H]1[C@@H](C/C=C\CCCC(=O)O)[C@@H](O)C[C@H]1O
DB1244,O=C(O)CCC/C=C\C[C@@H]1[C@@H](CC[C@@H](O)CCc2ccccc2)[C@H](O)C[C@@H]1O
DB1245,COC(=O)N[C@H](C(=O)N1C[C@H](C(F)(F)F)C[C@H]1C(=O)N[C@H](C#N)C[C@@H]1CCNC1=O)C(C)(C)C
